{
    "s:bins": [0,0,62874.39,125748.8,188623.2,251497.5,314371.9,377246.3,440120.7,502995.1,565869.5,628743.9,691618.3,754492.6,817367,880241.4,943115.8,1005990,1068865,1131739,1194613,1257488,1320362,1383237,1446111,1508985,1571860,1634734,1697608,1760483,1823357,1886232,1949106,2011980,2074855,2137729,2200604,2263478,2326352,2389227,2452101,2514975,2577850,2640724,2703599,2766473,2829347,2892222,2955096,3017971,3080845,3143719,3206594],
    "s:counts": [0,1.426654e-05,4.771418e-08,3.180946e-08,3.180946e-08,3.180946e-08,3.180946e-08,3.180946e-08,3.180946e-08,1.590473e-08,3.180946e-08,3.180946e-08,3.180946e-08,4.771418e-08,3.180946e-08,3.180946e-08,3.180946e-08,3.180946e-08,3.180946e-08,4.771418e-08,3.180946e-08,3.180946e-08,3.180946e-08,3.180946e-08,3.180946e-08,4.771418e-08,3.180946e-08,3.180946e-08,3.180946e-08,3.180946e-08,3.180946e-08,6.361891e-08,3.180946e-08,3.180946e-08,1.590473e-08,4.771418e-08,1.590473e-08,3.180946e-08,3.180946e-08,3.180946e-08,3.180946e-08,3.180946e-08,4.771418e-08,3.180946e-08,3.180946e-08,3.180946e-08,1.590473e-08,3.180946e-08,3.180946e-08,3.180946e-08,3.180946e-08,1.590473e-08,0],
    "s:data": [3143720,3114880,3087240,3054910,3029710,2996080,2964800,2930010,2898150,2859770,2823970,2780760,2750820,2725610,2702870,2668240,2636310,2615470,2582430,2550850,2535290,2513320,2490950,2443820,2415670,2381950,2341980,2306910,2270550,2234740,2197350,2176290,2146780,2114730,2073620,2057040,2000390,1974820,1943880,1919280,1906630,1896950,1883970,1860220,1819330,1794800,1755490,1716810,1680110,1654100,1632450,1608720,1567150,1544420,1521620,1486760,1459010,1432420,1387960,1356330,1328900,1303850,1259020,1233600,1212440,1186960,1157710,1132640,1112740,1094850,1067300,1023390,1002420,958762,930873,902414,860698,841814,812178,787993,757059,726688,696207,662945,640403,620164,575619,544047,501891,453355,412425,391162,358232,326928,292914,255005,231575,196610,178944,159743,123705,90576.4,67904.4,40587.5,17399.5,680.938,4.56331,7.53989,6.23683,7.87065,5.25773,6.3213,3.44399,9.07094,8.07944,4.53519,10.1101,3.67149,2.96971,6.32919,4.5784,2.01277,3.36795,1.55904,3.70291,2.46138,7.09378,2.07257,2.46383,3.40401,6.29517,2.65232,2.87906,7.4454,8.06713,2.48782,7.0974,3.173,5.80218,3.68975,3.47532,4.23025,6.72328,4.75113,2.64438,3.05782,2.30092,4.31049,3.15528,1.59453,3.75575,4.03531,4.03844,2.21893,4.02792,6.71108,4.29528,2.5767,9.9782,1.92718,7.97067,7.57266,4.29262,5.71037,3.02131,6.2103,10.0731,3.55807,4.68925,7.98673,5.73803,5.00922,3.08234,6.34059,2.86705,8.8598,1.87752,3.23559,8.41612,4.47865,2.87856,6.49612,3.55448,4.30411,5.18185,6.75803,4.90784,6.42583,5.35807,11.8643,7.72017,1.01828,3.35421,3.79497,6.11239,6.35457,2.71031,4.41592,8.04288,2.93169,4.79496,3.60315,7.5208,2.79301,5.17249,2.81821,4.23908,4.22032,5.26873,1.21795,6.34568,4.51747,8.26387,3.19252,8.59344,7.87033,4.27353,2.12812,6.31486,4.80916,6.58822,7.50946,3.32644,9.26626,4.28769,4.04606,5.7964,2.11254,6.87648,3.15209,2.84484,4.87802,4.29524,2.67656,5.51802,6.39341,3.27433,1.71934,4.15473,1.69867,5.28692,4.37098,1.71834,5.82474,3.70971,8.59412,3.62892,5.18373,4.90631,1.46118,6.03445,3.04985,6.71614,3.15213,4.83701,5.18513,3.26795,4.80999,4.03404,7.28721,4.18088,3.37173,9.28793,3.13534,6.84054,6.19577,5.26625,4.36239,4.51139,6.33174,2.14374,7.36541,4.24299,9.6877,6.19607,2.41661,3.57805,6.94818,3.6646,3.79057,3.86693,7.07977,4.32192,5.53302,11.6005,6.09627,3.05615,2.75024,4.84534,1.5943,8.98838,2.78866,1.94661,11.7465,2.99752,2.70811,1.67057,5.2297,2.42952,5.3031,4.78737,4.78591,4.81102,6.56237,8.44684,3.61267,3.61469,4.41222,6.59125,1.88158,2.70828,8.01886,5.07288,4.19047,2.71281,3.78317,5.1516,5.11058,7.87649,5.64352,4.83334,7.35666,2.97669,3.30374,6.26725,7.12926,4.29182,12.5595,2.60724,7.64726,4.56484,2.76275,3.00699,6.75522,4.11647,8.13743,4.07066,3.83225,3.07724,2.23959,4.46313,4.45269,4.509,2.92432,10.4554,3.48231,1.65325,3.48086,2.46797,6.18338,3.50508,4.66727,2.50262,2.97999,5.69264,1.85598,1.20237,4.34302,6.9213,3.97764,6.07384,7.87657,3.12097,8.4335,2.79354,5.46031,1.6947,7.03494,8.06773,8.67449,6.29196,6.96932,3.53721,2.84941,7.46802,2.47354,13.723,3.23596,2.97044,3.58633,5.50925,2.66992,7.55466,3.15156,6.0366,7.33678,5.00424,8.17061,3.10055,4.3763,2.53408,6.44684,11.7846,4.84082,10.8303,3.68125,3.26127,3.61281,8.90369,1.89197,8.54409,8.56097,2.65135,6.87654,5.38173,18.9809,4.71456,4.73137,5.72558,2.19788,4.2964,5.34195,1.14941,7.51017,4.84695,5.44761,3.01342,4.11214,3.13051,3.65244,2.77938,6.17727,2.11357,5.35221,8.92798,3.69418,2.24642,4.79504,4.75379,8.20136,3.64391,5.91724,9.29336,1.29418,5.18827,3.11894,6.16218,6.31644,5.89172,5.02623,3.84673,4.91007,2.0518,3.99603,3.79824,8.87407,2.83278,4.74075,4.47327,3.21149,1.78746,2.74301,8.37446,5.15532,6.16736,2.93674,10.5874,4.35725,8.10399,7.6945,4.77487,3.16543,2.53373,5.67257,9.30505,6.76018,6.25236,5.59925,6.54757,6.54404,12.8656,4.49214,2.0588,3.31286,5.68785,3.17864,2.75649,4.10763,7.50257,2.92869,6.8423,8.79576,3.03929,4.76733,6.19116,2.64547,2.78446,3.89326,8.53587,3.92246,3.90932,6.37804,4.48258,7.09747,4.49013,6.05613,4.69291,6.60477,5.0652,5.97631,2.80357,8.20108,5.66282,3.62192,2.42634,4.12966,2.48449,5.29882,7.33846,4.14917,5.78321,3.12495,4.62104,4.40761,6.33198,3.95036,6.20908,2.53048,5.34286,5.58928,2.70538,9.22414,5.15554,4.56043,4.27782,2.70811,4.75532,4.40215,4.68813,5.51061,6.91772,3.2969,5.07876,3.61573,3.78818,7.91069,10.7298,3.7874,3.86229,5.0298,5.81768,6.92087,6.47989,7.49363,4.0145,5.71299,3.32705,5.45704,1.48491,2.49092,3.92708,6.86901,5.73969,5.39842,5.0653,5.71709,5.54205,4.36372,4.84433,2.72366,3.85355,8.06646,6.34825,3.81871,5.55335,9.07506,4.36836,7.73943,3.96914,5.16385,4.13849,3.85421,6.19284,4.53729,11.3789,4.06257,5.24475,4.1772,9.82732,4.6745,4.74822,8.7409,3.09911,4.6892,2.17554,6.34717,4.39643,3.32734,6.3529,2.68193,5.37355,3.20669,2.5978,4.07507,3.92816,7.37086,4.45888,10.6458,2.11716,5.94029,3.94749,5.34404,7.51363,8.86433,7.94735,2.80154,5.06943,3.51833,6.81844,1.52806,2.8879,5.43845,4.0406,3.11006,0.920668,2.50386,4.9614,2.55331,5.3756,4.79291,4.72778,2.97641,1.20376,4.48349,4.71632,11.088,1.214,6.79117,7.88958,3.62521,11.5869,3.87059,5.25254,6.33489,7.05734,7.10216,3.14325,11.4958,3.63149,4.48945,5.62721,3.47313,6.15429,2.84542,5.70206,4.81749,9.51706,8.26754,5.22999,4.7732,3.49397,4.88216,3.01387,3.11577,6.02442,3.94806,4.05712,11.2953,8.61406,8.42318,4.54826,3.30456,2.24116,6.41254,2.05292,3.73425,1.78272,3.02849,2.80562,5.0066,11.1249,5.97022,4.82293,7.85683,6.50049,2.40711,4.72723,2.19338,6.31574,0.873178,7.27812,3.7806,6.851,2.04938,4.15114,9.72877,3.1982,5.34874,6.2657,10.5348,2.93981,8.47705,5.04831,6.51339,1.72634,2.88036,4.11138,5.08722,4.10279,3.18,10.7232,6.59443,11.1003,3.19909,3.00873,4.56975,6.04915,3.91056,11.8279,10.0528,5.39063,2.90091,3.61637,4.90682,6.02692,5.6288,2.49214,2.04919,5.13048,2.11602,6.17514,5.52372,4.47315,7.54031,2.89094,3.58695,2.87963,2.32087,4.60635,4.97617,4.05022,3.34923,4.60648,0.656723,6.61518,6.81607,4.69148,3.79247,7.78039,5.59148,5.10091,3.90986,10.1692,5.67093,8.54186,6.78231,3.31153,2.83936,4.53235,3.94517,5.04354,3.94417,7.32215,2.10732,5.24606,4.76655,8.65793,7.94255,3.6886,3.73173,5.97866,2.24725,4.94011,2.97687,6.24158,6.46885,4.89465,2.92983,5.66453,4.50316,2.98938,5.68725,3.92308,6.06899,6.99163,6.81406,6.27934,2.82866,2.03402,2.77909,2.56544,6.24353,5.64327,6.66124,4.64009,9.24398,5.05594,3.43639,3.6022,7.82196,4.33116,1.81971,4.30244,3.45175,3.92309,6.90415,5.11209,4.67772,6.93099,3.19164,7.16372,4.86199,2.25389,6.7721,1.11564,1.8065,6.5307,6.24861,2.30619,6.29864,2.12666,3.59997,2.80554,10.8546,2.24897,6.78799,5.24191,9.79071,6.0568,6.82676,5.77223,3.14882,1.7369,9.78781,8.24789,0.997961,1.62626,3.34418,3.78694,2.55336,6.17734,4.13696,5.67521,3.23974,7.40999,7.22824,3.25989,2.88654,2.62284,6.32889,2.94292,2.56428,4.80929,6.76274,8.51973,4.86833,7.36182,3.64264,5.9009,2.52514,9.90988,5.32742,6.59842,3.26554,3.90504,1.91942,2.56257,4.07317,3.93843,6.04219,4.71906,4.17844,8.48075,3.0816,8.26622,1.81878,4.24548,2.90203,