{
    "s:bins": [0,0,0.2734866,0.5469732,0.8204597,1.093946,1.367433,1.640919,1.914406,2.187893,2.461379,2.734866,3.008352,3.281839,3.555326,3.828812,4.102299,4.375785,4.649272,4.922758,5.196245,5.469732,5.743218,6.016705,6.290191,6.563678,6.837164,7.110651,7.384138,7.657624,7.931111,8.204597,8.478084,8.751571,9.025057,9.298544,9.57203,9.845517,10.119,10.39249,10.66598,10.93946,11.21295,11.48644,11.75992,12.03341,12.3069,12.58038,12.85387,13.12736,13.40084,13.67433,13.94782,14.2213,14.49479,14.76828,15.04176],
    "s:counts": [0,0,0,0.003656487,0.007312973,0.02559541,0.04753433,0.06947324,0.08409919,0.1170076,0.1389465,0.1462595,0.1864808,0.1755114,0.1718549,0.1828243,0.2303587,0.2157327,0.2011068,0.1828243,0.1535724,0.1535724,0.1316335,0.1170076,0.127977,0.1023816,0.08775568,0.1133511,0.08775568,0.05119081,0.04387784,0.06581676,0.01828243,0.04387784,0.03290838,0.01096946,0.02193892,0.02559541,0.01462595,0.01462595,0.007312973,0.007312973,0,0.007312973,0,0.01096946,0.007312973,0,0.003656487,0.003656487,0,0,0,0.003656487,0,0,0],
    "s:data": [1.8631,3.98234,6.9973,5.1438,4.50199,4.62252,3.97311,4.14125,3.92357,1.35148,3.68934,3.81332,4.18399,3.86627,2.15377,4.31253,7.38371,2.71245,6.77085,8.58894,5.13503,4.81566,3.77099,4.78984,3.09707,4.63891,3.64855,4.58437,3.56969,9.48769,4.97624,6.10895,8.46885,4.27129,5.70413,2.28052,3.91364,4.62779,3.3749,2.61497,4.555,4.95503,2.61144,3.83748,2.2509,10.0109,3.86386,5.04448,3.41521,6.52105,7.00577,5.90861,4.70299,8.24509,4.10973,4.5409,5.68543,2.99123,4.03131,7.68838,5.72127,4.38658,5.29456,8.79895,7.18417,6.66857,6.16604,2.75492,9.18439,6.8388,2.37951,6.49587,2.11897,7.50773,5.63075,5.14518,5.66464,1.71576,10.3781,3.60501,4.55049,6.4685,8.99608,4.21752,3.93791,6.06451,4.33165,2.53309,2.55201,5.43617,2.66989,2.95042,4.44823,1.29286,8.0606,3.72039,4.20845,4.7302,7.21736,4.15164,6.33559,4.40314,8.36895,3.7731,3.09946,4.32994,5.72771,7.69225,5.8628,4.36352,3.69958,3.67863,3.0378,2.29226,3.47744,4.89824,3.76388,5.53649,3.44162,4.53753,11.2093,7.2103,4.13155,7.25274,1.63917,5.00457,2.81588,6.0716,3.8997,4.51981,5.82956,3.10104,7.09116,1.78048,8.59312,3.40698,3.76082,6.49383,7.42271,7.61446,4.61893,4.5335,4.64145,3.62367,6.47152,2.57245,10.6153,4.10948,3.23724,6.1807,5.97838,3.59158,2.71096,8.38215,3.97007,8.27728,8.27066,3.4192,5.14826,4.18807,10.9934,7.22242,6.1707,1.92768,6.4635,2.8517,3.02133,2.14333,5.32339,7.40802,1.57896,2.75988,5.7369,2.99702,5.77811,4.95072,2.83768,9.91606,4.97285,5.12145,7.30682,2.64247,1.79967,5.71794,3.9415,4.49498,2.37725,5.31993,5.69369,2.35522,6.76848,7.74796,3.97595,5.59914,4.8116,4.35616,7.59888,7.17478,5.39347,5.47152,4.11343,3.03329,3.81852,2.53047,3.60215,12.4162,1.76054,7.62038,4.27112,7.01546,4.38689,6.61572,3.42862,2.13172,10.449,3.1702,4.76206,5.17193,4.1247,4.54606,8.91408,2.81975,5.11022,7.08795,4.52545,5.67577,5.23925,6.29243,5.21676,3.35657,5.42667,5.08,4.55339,2.86813,5.87508,6.34134,6.2537,3.09165,3.42817,5.95555,2.43333,4.37193,2.37704,12.1004,1.66947,3.05461,4.17144,7.23127,4.98296,4.89507,3.99453,2.67323,11.6452,6.44627,6.29672,5.51146,5.85693,8.73317,2.51887,4.28413,7.18344,2.32631,2.33062,2.25363,4.2247,3.45825,6.61915,7.45872,5.01289,2.81507,4.64283,8.01393,5.49867,5.78973,5.28965,4.33824,5.08791,2.16882,2.82774,6.824,3.17438,6.30747,2.57447,1.34709,5.44964,6.37676,12.0872,7.01051,6.23269,2.28964,5.20842,7.37193,3.09934,1.29473,1.89381,2.48981,7.41738,1.85711,4.14685,8.82072,4.95793,4.53577,6.95277,7.1526,14.4246,13.2091,2.49099,8.05725,6.32142,4.42427,5.92234,3.04939,5.8778,4.1206,2.94857,5.15159,1.99498,4.43277,7.46302,2.06846,5.4094,6.76124,3.70505,3.44837,2.20602,5.02229,6.04927,5.20318,1.89613,4.10289,9.17469,4.03553,3.84918,5.10571,5.79191,3.881,5.90281,6.05847,4.74306,6.10957,3.7633,5.35663,10.9092,7.31156,4.86736,3.90092,6.65105,4.96312,4.1456,1.83261,4.09571,5.37164,2.7937,7.72382,3.33692,4.80329,4.84225,5.90702,5.10966,3.21999,7.45382,3.39744,5.48766,7.29243,4.32406,1.53084,2.0363,2.8212,7.56845,8.42016,4.18344,6.35725,5.28065,2.42055,5.7729,9.12467,6.0074,3.35844,8.88964,4.8987,3.67955,1.91139,4.81397,4.12744,4.55552,1.54209,7.25445,4.21288,4.71378,2.65607,3.87666,4.22318,7.9744,5.38016,5.69833,4.45355,2.53749,6.76734,1.18145,4.12299,3.46873,5.33209,7.27828,5.11512,4.49465,1.7531,7.46668,5.5247,3.73059,6.81494,4.78252,7.66256,1.64667,5.62071,7.86226,9.57782,3.56213,3.87562,5.13931,5.96108,4.42723,9.35235,5.92382,6.60842,5.69891,1.96394,3.77193,3.08613,4.20927,5.02268,5.83755,5.38823,7.19245,2.39548,5.62594,3.18701,1.87567,3.77897,2.30699,5.18183,3.20826,2.88268,3.18414,4.32893,12.0668,4.40302,7.84122,3.23782,5.70781,3.01703,5.56504,3.99447,3.95684,4.18124,3.84026,2.66822,3.25864,5.44269,9.25521,1.95207,3.72427,6.86097,3.71258,6.80757,3.81043,7.04161,3.99436,5.72554,7.16878,9.85748,4.49677,5.76048,4.90556,4.75123,3.40105,3.14488,5.08338,6.63081,3.07184,3.1551,4.08618,7.00196,3.87691,6.12929,4.72098,3.33151,5.17057,4.82295,5.62228,1.92463,6.33682,4.34056,2.44476,3.73142,5.55754,3.43192,2.32999,3.55218,2.87493,4.13887,4.76658,2.3131,2.65547,9.64302,5.56355,3.44531,8.85492,6.15236,2.3328,5.25976,4.65635,9.03574,5.83322,6.76483,9.81686,5.87173,4.86311,9.70733,5.5458,2.59458,6.3572,2.20154,2.12639,4.68101,9.79171,2.99183,6.83613,4.91108,7.68719,7.47408,6.77657,3.47611,1.3612,5.17831,4.54469,3.11083,2.67291,6.82457,6.22863,6.34346,4.39113,6.03999,6.5331,1.39778,4.70196,5.91592,6.47034,7.10847,10.1374,7.61546,3.45711,4.28465,7.39333,3.59916,4.38174,5.56088,3.55818,7.43622,6.24139,2.07382,4.00551,3.22433,4.4468,7.35691,3.42807,8.41086,3.70449,5.14552,3.22959,5.95458,9.76181,3.34826,5.98868,1.01852,6.38704,4.67594,2.69256,3.98166,3.06874,6.25517,2.85882,1.66036,2.35228,4.92627,2.55075,3.5668,3.22295,2.27502,3.56029,4.7877,4.77993,4.80704,3.56605,6.57438,0.750271,5.92095,8.37564,3.31634,2.15825,3.45151,9.29166,5.31732,3.55216,3.15679,9.85642,3.08448,4.75568,9.01465,5.83667,4.02747,4.26619,4.3145,7.4195,2.95957,10.5177,4.07353,4.4278,8.89436,10.3209,1.52147,6.4371,5.42087,2.7689,4.86876,3.02863,3.07529,3.92926,3.51024,3.8452,4.21082,4.16038,2.9148,1.37438,2.51337,4.17859,2.7212,4.82571,4.74702,4.69048,5.43385,4.18456,8.09693,5.05534,7.28687,2.97652,6.01934,5.15634,6.25894,5.01249,3.93616,4.45056,7.98331,8.18235,4.42462,3.1289,5.26983,7.45274,5.83337,7.13959,2.21325,4.36425,3.79853,7.32716,6.94385,9.46933,5.08719,5.54875,3.36969,2.45438,2.9064,4.49128,2.66264,3.97266,8.80277,4.53916,3.11863,4.89661,3.55128,4.73335,3.15817,3.69385,2.15257,7.06895,6.75734,4.19374,4.69241,2.59978,6.7378,8.94331,8.23108,3.57353,7.27237,7.87244,2.58031,8.23881,2.7256,4.20878,4.65009,3.62648,6.16667,4.77894,5.20378,6.52589,3.77539,5.83126,3.29497,7.26755,8.30146,7.11867,5.39008,2.85593,3.15009,7.77463,2.87811,3.53447,7.24384,3.64541,4.87857,6.80603,5.19331,5.06529,5.03217,4.34913,4.77165,4.84279,3.92083,4.81264,9.027,7.25153,7.05299,3.71017,8.01713,4.09657,2.09152,8.01879,2.57102,3.05087,4.85593,2.98976,4.29583,4.16906,6.10274,2.78945,3.17584,5.24211,4.33713,4.04396,3.38498,1.40903,6.29524,7.10822,6.34513,3.79228,6.27518,2.83991,4.04534,5.8483,3.96565,4.14214,4.92567,3.52162,2.34967,7.95814,6.12212,5.66739,3.00808,4.2678,2.7717,3.53395,1.91114,4.39901,7.4977,1.93916,6.55639,5.90971,8.39225,3.90889,5.62935,10.3971,2.56875,1.68854,4.46784,5.6281,4.76595,4.92149,2.16536,7.88717,3.68439,4.15599,1.61313,3.48295,3.98673,3.99952,7.40628,5.98881,2.49729,6.4874,3.72312,1.558,1.77773,7.21187,8.28785,6.77548,3.22569,4.98991,2.34546,5.57797,8.37581,2.18243,4.65792,6.26935,6.65718,6.27972,5.04599,3.0526,5.67432,4.3117,4.45601,6.42046,3.17104,4.59965,3.43408,1.52261,3.98102,10.3218,1.01485,2.34731,9.19446,7.02665,6.0506,4.87182,7.00439,7.02369,2.70893,6.89676,5.92353,2.91392,2.3094,6.58413,5.28748,11.6138,7.0904,3.31315,3.4695,2.73908,4.68019,9.90827,7.41825,3.28576,2.49043,4.38051,12.5646,9.91376,3.34366,1.39389,5.32114,2.83575,5.72867,5.45598,6.51012,3.26306,8.65618,3.34782,4.50727,3.90049,4.41276,4.6858,5.32597,3.49073,10.8993,5.32127,6.27722,5.25647,8.68742,1.41352,4.49045,5.26628,5.12726,5.32306,