{
    "s:bins": [0,0,0.3006963,0.6013925,0.9020888,1.202785,1.503481,1.804178,2.104874,2.40557,2.706266,3.006963,3.307659,3.608355,3.909051,4.209748,4.510444,4.81114,5.111836,5.412533,5.713229,6.013925,6.314621,6.615318,6.916014,7.21671,7.517406,7.818103,8.118799,8.419495,8.720192,9.020888,9.321584,9.62228,9.922977,10.22367,10.52437,10.82507,11.12576,11.42646,11.72715,12.02785,12.32855,12.62924,12.92994,13.23064,13.53133,13.83203,14.13272,14.43342,14.73412,15.03481,15.33551,15.63621,15.9369,16.2376],
    "s:counts": [0,0,0,0.00665123,0.01662808,0.03658177,0.09976845,0.09311722,0.07981476,0.129699,0.1862344,0.1762576,0.172932,0.2228162,0.216165,0.2028625,0.1762576,0.1563039,0.172932,0.1263734,0.1696064,0.1197221,0.1197221,0.1230478,0.09644284,0.07648915,0.04655861,0.02327931,0.03325615,0.05320984,0.03990738,0.03658177,0.02993054,0.01995369,0.003325615,0.00665123,0.01662808,0.00665123,0.003325615,0.003325615,0.003325615,0,0.003325615,0.003325615,0.003325615,0.00665123,0.003325615,0,0,0,0,0,0,0.003325615,0,0],
    "s:data": [3.59779,5.5725,5.33037,7.0562,5.15227,8.1872,3.05547,2.83569,6.04491,5.77953,6.40221,9.25854,4.98686,2.01249,4.41053,7.13708,4.74236,8.08954,4.12015,6.39041,5.6665,2.132,6.5076,2.76045,4.71784,5.215,4.22793,1.74044,8.13859,2.2483,3.38803,4.55301,7.35812,5.75972,3.89188,7.34105,6.79903,2.20863,3.81196,2.52311,6.68371,2.87338,2.45869,4.74745,1.68558,3.87801,5.16376,2.44707,5.48223,7.34901,6.94073,3.43384,6.95151,7.91599,7.90718,3.9841,5.05533,4.16012,3.26513,5.3412,6.53426,6.18961,3.69964,4.93957,5.86606,7.2538,7.02862,2.66085,1.68561,5.50644,5.04478,7.16211,5.16582,2.73738,4.39005,3.76252,4.20078,4.82624,11.8542,3.3695,2.53903,2.04558,8.4939,3.34098,6.81741,4.13587,8.58324,4.81489,7.48368,5.43051,3.67172,3.09804,1.88478,5.73293,1.84188,5.24264,5.66305,1.79276,1.07267,6.46875,3.52363,4.35815,5.74402,3.15699,3.36505,5.81335,3.52086,3.97368,5.39765,4.12501,2.91449,9.47815,2.92333,5.71891,6.26814,4.8248,1.61806,2.81932,4.28813,2.52419,8.80386,3.00307,3.87588,6.36627,2.12731,7.22676,6.84272,3.65206,2.89162,11.376,5.22917,6.02273,4.10122,1.69423,5.02997,3.26098,2.76102,5.4064,4.2905,3.03762,7.15599,3.05778,2.95503,3.02208,5.96442,4.20393,5.33349,3.50542,3.46264,7.41173,6.41523,6.26762,7.1242,6.57439,6.46956,2.02059,3.56301,1.05502,6.23329,4.39556,4.15089,5.42526,3.14191,8.60588,4.78965,3.48362,5.94424,1.82835,8.43305,4.43145,4.28206,6.36959,1.48602,2.96954,5.93604,2.93133,5.71423,4.78789,4.89709,6.97262,4.76738,3.77551,5.66371,1.98806,3.14907,3.63388,5.5205,2.98843,2.71892,3.82527,1.91828,6.38404,2.63103,1.65646,5.9852,4.94493,2.35021,6.9875,3.19438,3.63013,6.34935,2.48473,1.86752,8.54282,6.72553,3.76734,3.76231,2.95119,1.88645,5.24056,3.58564,6.22341,3.24174,5.33065,4.5767,2.72805,4.39869,4.2784,3.81876,3.2286,7.6666,5.79687,4.41017,7.58761,3.8878,6.30899,9.40078,6.51934,3.69554,5.57634,2.66154,3.76691,3.45117,3.66467,4.702,8.22718,2.06896,5.00551,3.02682,8.78293,4.39961,1.97153,5.32565,6.09595,2.92882,2.92282,5.43245,5.10279,5.92033,2.90803,4.65114,9.41921,3.72418,6.0572,12.7421,2.64016,3.60679,7.50243,9.10246,5.00468,6.75667,7.00716,8.48001,3.83331,3.65196,8.50386,6.32408,5.08874,9.87432,3.49507,2.59484,5.22105,1.724,5.80635,7.1941,3.45412,9.12078,3.92466,4.18563,6.5811,3.77175,7.27127,3.79243,5.5515,1.93816,3.2721,11.7133,1.37215,6.49136,4.74788,4.94961,10.3382,4.22654,4.47559,3.25246,6.79893,5.99819,2.28984,6.04382,4.38757,1.55376,4.68873,3.48799,6.34152,2.52329,2.96371,7.25231,4.3443,5.07685,4.74132,9.44657,2.3645,2.48914,8.43151,3.20941,5.30517,3.75812,2.8137,4.472,12.3459,3.22799,6.62123,1.5088,5.34396,1.67583,2.79856,3.98354,3.22373,5.76559,2.38373,1.3646,11.0499,4.1196,6.66881,2.42883,5.26346,5.28034,7.5315,2.97771,5.47618,6.89831,5.68566,5.64084,1.34279,5.47962,3.0867,3.32081,9.1327,6.4757,7.00075,4.84428,2.85573,5.67097,2.78188,5.33872,3.54396,6.0941,4.92239,6.77599,2.97569,8.84096,4.78354,5.18809,3.45521,4.06922,6.67861,6.26397,4.45838,7.36969,6.87487,4.2342,4.436,5.42893,3.20249,5.70131,4.59483,5.08439,3.62673,1.40601,4.72687,4.81605,3.09526,2.2346,3.36053,9.61547,4.77826,1.75507,3.77159,4.51835,8.80915,7.09112,2.49152,5.77761,3.13625,6.82612,7.43607,2.23698,3.52274,2.90775,4.44752,4.29855,4.91546,4.70619,5.67073,3.88512,2.68037,5.4578,1.53991,5.89554,8.89251,5.15966,4.15424,4.13727,7.85933,6.97131,2.98092,6.24271,7.73642,4.69737,3.75181,4.88791,1.57616,5.41659,4.10143,6.49596,5.28816,5.94509,4.06895,4.09969,3.97565,6.08778,4.07433,3.716,5.09151,6.41963,3.96281,3.9515,4.38009,4.34229,5.93084,2.28012,2.41672,8.56911,8.18803,5.06768,4.73188,10.7468,3.67945,7.11845,3.10186,5.92579,3.92327,5.41012,3.48774,1.71075,4.01402,6.31798,5.91138,5.19391,3.07668,6.95613,5.7959,7.3726,7.27181,2.25411,6.12472,3.96797,3.52118,3.78104,2.79936,13.3999,10.2771,2.68452,4.81178,4.45271,15.7819,5.04308,5.60852,5.04699,6.40238,2.97947,3.4589,9.73749,7.01207,4.66463,4.09962,3.95232,1.67016,9.16128,5.44529,4.30574,5.15117,1.89671,7.17509,5.27413,3.69174,6.70866,5.37008,8.52288,3.23151,3.16497,2.90575,6.80739,4.65425,4.49292,4.09622,3.57544,4.11357,4.0585,1.35355,2.87609,2.09099,2.27175,3.67439,6.49022,3.8442,4.0708,4.87504,3.45912,4.12725,4.4579,5.813,6.83824,3.41631,8.80852,1.47269,3.17465,6.7886,2.55201,4.91265,3.39795,1.99943,2.70586,3.30906,2.65875,9.0336,6.85646,4.2633,3.69633,6.85223,3.37138,6.15719,4.18993,5.19091,5.477,3.88326,6.73411,2.72688,5.76575,4.30101,5.16521,5.97913,5.77221,3.98028,8.342,9.20423,3.75004,2.02255,2.4457,6.8064,5.02843,2.75801,5.17436,1.58571,3.85174,3.92594,3.70425,2.8234,4.69846,3.11976,8.05157,4.74136,7.77796,2.00606,3.718,4.31749,6.16465,3.86011,5.39859,9.83807,5.37613,2.09316,5.36268,4.81005,5.38687,5.97621,5.47657,8.82801,3.67466,4.55436,2.30425,3.19455,3.16223,4.1823,7.40645,3.58191,5.94947,0.904794,4.11729,7.57842,6.97924,4.57199,7.55614,3.8346,5.10799,0.747087,6.04698,2.10596,3.67961,4.30623,5.901,4.87193,7.11432,4.20719,2.76351,6.94542,3.72616,5.70272,3.57491,3.25601,3.71542,9.31837,2.06058,6.44693,3.69218,1.18221,5.22572,4.49929,5.44929,8.44619,2.29222,5.31419,2.63031,1.96597,5.12725,9.02854,5.30305,4.91391,3.86485,5.54053,2.3943,4.69698,7.80446,4.56538,4.72192,1.70562,5.12861,6.34536,4.98953,5.45707,3.94259,3.13569,8.84154,6.04712,4.65471,5.00477,6.96578,7.37059,3.82819,6.44071,7.82594,4.03126,2.58518,4.06823,10.727,7.34781,4.13087,3.84964,2.66714,6.87475,4.45939,4.42739,5.4241,6.56257,4.59546,3.3585,6.98228,1.62782,10.9585,1.65523,7.39261,4.69259,4.36249,1.67259,9.07517,8.34672,2.86767,2.4442,4.21425,4.98463,5.92538,7.83961,3.90289,3.81362,5.22753,2.99762,5.28292,3.06597,7.03365,2.85122,5.95974,4.6192,6.30132,13.6585,3.9132,6.82267,3.04503,1.73003,3.20216,4.57937,9.29803,6.0448,4.21332,4.36994,3.38473,7.42001,5.89575,5.54374,3.35172,9.83746,4.98213,5.90845,6.68186,5.7741,5.8178,3.70185,4.20958,4.08418,7.30381,3.2955,5.29125,4.08464,3.8826,1.64966,2.77949,6.05503,2.88184,2.54832,4.62065,7.58174,1.20559,5.40199,2.63683,10.0876,4.44038,8.96722,5.90011,6.7455,5.89474,8.96556,2.88316,6.52025,3.19851,3.57462,3.61672,9.45495,6.71187,6.57272,8.55274,0.771908,7.47454,5.49126,2.9298,2.19445,6.69452,4.9383,4.69949,4.09777,8.67645,6.84545,5.92486,6.08953,9.52732,5.82994,2.39254,4.37817,4.67491,4.81894,1.80189,4.10754,1.8303,4.71907,6.91177,1.43605,1.7613,8.29356,5.9778,8.27355,6.28166,4.82604,6.24475,5.26398,4.9033,3.54492,4.36296,1.48879,2.00819,10.5787,2.9648,1.16066,3.38295,4.03252,10.7362,4.31379,2.88236,8.28918,4.51318,1.57766,3.90511,7.772,4.25422,3.30914,4.80184,7.68742,3.81323,9.4355,2.68658,6.41267,3.29092,2.70609,9.66451,2.48246,5.88761,2.37797,3.85534,4.26601,6.19229,4.7623,6.56084,2.88847,2.47408,2.82232,9.68555,3.34067,8.98982,4.44371,1.7351,4.16789,2.09018,3.29767,2.75714,4.45692,3.48224,5.00505,3.80192,5.79546,2.1584,3.66529,4.28311,4.0702,5.11982,2.54593,6.58712,4.59955,3.32729,6.87385,3.93693,3.1474,6.13914,3.89229,4.15864,2.69438,5.02477,2.42486,4.41283,3.34292,7.60031,4.88225,4.91909,5.54538,4.72259,5.68778,5.85412,8.79737,6.25527,4.19201,3.65187,6.29393,4.54103,5.98,2.59066,3.09774,5.39595,1.52416,