{
    "s:bins": [2,2,71520.76,143039.5,214558.3,286077,357595.8,429114.6,500633.3,572152.1,643670.8,715189.6,786708.3,858227.1,929745.9,1001265,1072783,1144302,1215821,1287340,1358858,1430377,1501896,1573415,1644933,1716452,1787971,1859490,1931008,2002527,2074046,2145565,2217084,2288602,2360121,2431640,2503159,2574677,2646196,2717715,2789234,2860752,2932271,3003790,3075309,3146827,3218346,3289865,3361384,3432902,3504421,3575940,3647459],
    "s:counts": [0,1.199685e-05,4.194704e-08,4.194704e-08,2.796469e-08,4.194704e-08,4.194704e-08,4.194704e-08,4.194704e-08,4.194704e-08,2.796469e-08,4.194704e-08,2.796469e-08,4.194704e-08,4.194704e-08,4.194704e-08,4.194704e-08,2.796469e-08,4.194704e-08,5.592938e-08,5.592938e-08,2.796469e-08,4.194704e-08,4.194704e-08,2.796469e-08,5.592938e-08,2.796469e-08,4.194704e-08,5.592938e-08,2.796469e-08,4.194704e-08,4.194704e-08,4.194704e-08,5.592938e-08,4.194704e-08,4.194704e-08,4.194704e-08,5.592938e-08,2.796469e-08,4.194704e-08,2.796469e-08,5.592938e-08,4.194704e-08,2.796469e-08,4.194704e-08,4.194704e-08,4.194704e-08,4.194704e-08,4.194704e-08,2.796469e-08,2.796469e-08,1.398235e-08,0],
    "s:data": [3575940,3543150,3513780,3475170,3451820,3428530,3405380,3377400,3355190,3321280,3297810,3274260,3247470,3236720,3214390,3174500,3151520,3121220,3097330,3080430,3049030,3027620,3002610,2977180,2959160,2922900,2910760,2894970,2868770,2837090,2804640,2773830,2750750,2722630,2692830,2670940,2645600,2627990,2608750,2586210,2561500,2537230,2510690,2489650,2470050,2442900,2429300,2411590,2380490,2356890,2336350,2319670,2297010,2280850,2260380,2228070,2206160,2187370,2163100,2140610,2111130,2083360,2061850,2024710,1997580,1984700,1962510,1944220,1921680,1896850,1867600,1835420,1804110,1780670,1756190,1745650,1723630,1692730,1670260,1641680,1606340,1585790,1557680,1525870,1508230,1470130,1448650,1424870,1402710,1384280,1360690,1349440,1334260,1308230,1290770,1266830,1242600,1218530,1191170,1167660,1143070,1123870,1099450,1066490,1042320,1028620,995808,982011,948749,928094,898573,875162,830617,801121,773188,743268,716636,689941,659815,641937,608614,592951,559406,528103,506350,482825,462831,439550,420346,399830,367911,345809,313962,293765,246278,221204,202229,177106,156204,127064,108323,74319.7,59824.5,38265.1,16231.9,99.4521,5.08068,4.46663,5.01118,4.00511,5.69725,7.83861,7.84674,6.53309,6.23677,7.84175,4.98693,11.2584,8.84331,6.71406,7.59576,3.10333,7.96251,5.28336,5.78331,5.09911,11.0662,6.7241,10.3096,5.69397,8.56532,5.09764,7.23434,4.97517,8.19672,7.71211,5.12374,6.80857,5.09516,8.41623,7.43247,6.14014,9.12787,7.50419,7.14084,6.14067,4.80841,10.8503,6.51656,4.14887,6.16591,6.53528,4.48818,5.45722,6.15418,6.0135,10.9206,6.84218,4.33454,8.15291,4.83998,8.62661,7.97633,4.95002,5.76197,6.40768,8.26016,6.7781,5.35284,3.49595,6.70795,5.84033,5.63861,7.30454,6.03126,4.17343,6.29733,8.63467,5.93774,7.82342,7.84719,7.40283,9.09179,6.42477,5.91517,5.41818,7.42106,7.80032,4.25435,6.29029,7.35023,4.89071,8.90062,6.02443,5.46476,4.9853,6.69503,5.82271,5.5553,10.0894,6.41477,5.66872,5.24873,4.13824,6.36949,3.457,5.78339,6.80866,6.05098,5.99721,7.21986,6.32727,4.39882,6.34888,6.42676,5.53965,6.62065,5.17841,7.67306,7.88701,7.03127,6.15664,9.32118,6.95283,6.45514,6.04805,7.0268,5.02531,5.47251,3.24464,7.54814,7.02721,4.24823,7.34665,6.30206,9.14918,9.22453,5.2185,6.70896,6.73583,6.14852,7.17138,6.33439,7.91367,8.2349,7.62068,7.285,5.88914,4.98555,7.21336,4.73839,6.57047,5.05579,6.21728,5.89789,7.57899,6.21025,9.36809,5.75827,9.60839,6.20849,10.8718,5.96586,8.55093,5.50059,4.33147,7.24759,8.21669,4.42667,6.27092,6.80509,4.30667,6.55061,7.4941,5.31233,3.13246,6.06151,6.56229,8.11569,6.64756,11.4128,5.06082,4.86224,4.35248,5.01296,5.07609,6.82566,6.97866,5.75207,6.22541,6.28357,7.60728,5.92063,5.94998,2.89828,6.78202,6.33428,5.90034,7.55409,3.81556,7.91884,5.96878,4.31835,4.58647,3.98334,8.13857,3.51282,5.39449,6.29978,5.85899,5.16968,8.62442,7.96985,3.44396,5.43419,5.52724,5.58476,4.90437,7.25749,5.84391,3.77706,4.66793,7.94665,5.29124,5.6886,6.39552,5.68421,7.96238,7.03751,9.18681,6.11082,5.04158,3.19312,5.71258,5.92384,5.94374,8.05,6.35442,2.82893,4.89741,3.53301,7.62239,7.45316,4.52376,6.04712,8.67091,5.54713,3.88358,4.43772,7.72553,4.16703,6.31121,4.47265,6.0963,10.4217,5.74372,7.34101,10.6591,6.9162,3.53114,7.71877,7.41237,6.52502,4.76226,9.1922,7.40628,7.23051,4.26592,8.42582,10.2476,6.26118,5.7789,10.2752,3.78406,6.08971,8.2877,5.44179,6.70409,8.05012,5.81771,6.82096,4.83621,8.64757,8.00433,6.61419,6.6715,7.93331,6.80118,7.46982,4.85766,7.92431,4.77966,4.24759,8.91934,6.71948,3.25832,5.74109,7.50113,5.37936,8.12758,7.46701,4.76011,4.07786,8.34016,6.06041,9.92991,5.5037,7.17556,8.4792,4.03201,6.02397,6.08806,10.7949,5.35428,5.21263,5.68656,3.60848,7.53656,6.60959,7.88102,7.73514,7.27436,3.07678,6.53859,11.1175,4.28741,7.02533,6.04951,3.83049,9.46101,6.54217,5.13507,4.74419,8.17596,8.59678,5.50066,5.1556,8.84509,5.8663,11.1093,7.56657,8.57433,5.61614,6.90635,5.15444,7.95142,12.0082,5.16369,5.19462,7.49301,2.36101,5.22851,3.37672,8.39002,3.21087,8.26549,3.11525,9.36753,5.19777,4.54928,6.44663,8.55808,7.52175,6.83299,6.10678,5.62422,9.71503,8.43912,5.92096,5.9524,6.77898,4.30421,4.95158,5.89756,4.56939,8.68519,9.57552,4.09879,4.6211,7.69954,5.21599,5.7249,5.1406,3.97178,5.01181,5.04552,4.29288,6.97943,12.7684,5.22256,7.81697,7.7936,7.32924,6.57992,7.36475,7.79947,4.39636,6.03179,4.51506,10.0436,7.56758,5.42236,5.04777,5.16582,5.735,5.78978,4.18883,7.98201,6.10153,5.87169,8.88138,5.19295,6.45929,6.90335,5.22558,6.91436,7.12484,11.0493,5.39726,11.0133,10.1099,7.2308,7.57809,9.43664,2.78722,5.84979,6.66238,6.91537,6.55106,6.33951,6.19364,7.68706,4.0345,6.45882,3.6241,6.29862,10.4972,4.9466,7.09124,9.67845,7.73297,4.05723,6.93737,8.9012,8.41969,8.9849,7.38597,3.91514,7.86007,6.47392,4.85331,5.89233,4.82523,5.39372,6.65519,6.23034,9.49071,7.55605,6.69473,8.71265,7.14367,3.37437,9.5777,8.28291,6.81752,4.21615,3.60149,3.34524,8.37854,6.99809,12.3414,4.99371,6.30772,6.5381,4.81581,10.009,5.71502,5.74055,6.91804,6.51611,8.04331,6.262,7.3235,7.04967,7.11868,4.83022,4.53702,4.76109,5.06379,5.93129,7.71066,5.60319,9.13573,6.18675,6.695,3.5602,6.04393,4.29927,7.60599,8.27449,5.73612,4.24702,3.81701,6.28213,6.85735,7.7122,5.2471,8.19884,6.38417,6.77293,5.05754,3.40087,6.66037,6.13062,4.22608,4.80347,6.11744,8.1519,8.3554,7.69602,6.90248,7.73466,7.07127,5.8015,5.02526,6.28056,5.3274,7.51506,5.78187,5.66498,10.068,7.89233,7.57372,5.43528,11.4531,6.30982,7.48827,8.08133,6.06999,6.04686,7.6129,6.74118,6.59169,7.48961,6.51741,6.53057,7.83182,8.34107,9.61112,6.29109,7.63086,5.21239,5.7258,9.16029,6.21396,9.62088,5.78683,4.45936,7.10587,3.24716,8.29336,9.65014,7.13353,7.50473,5.34027,6.20796,6.73329,4.37971,3.7003,5.89913,7.79915,4.57384,5.52802,2.77523,4.15071,6.74696,6.66946,7.08247,7.73143,5.98735,5.33699,7.75699,7.40816,4.58499,8.68389,9.73906,3.58731,5.09157,5.221,8.46086,8.7351,6.10169,6.68034,4.79974,8.35368,6.66559,8.24319,7.44554,7.5741,6.80917,7.8148,7.21297,5.18022,7.34828,6.56211,7.48635,7.99047,6.22654,5.50117,10.7054,6.92926,9.18512,3.2264,2.99707,7.08371,6.16338,5.38521,5.15537,2.9868,7.60186,6.04186,5.8584,4.35013,4.22446,7.7197,6.66524,9.38172,8.22913,3.9469,3.31043,5.0553,8.69758,6.7414,8.99522,8.10928,4.78984,8.06878,5.07904,7.93311,6.04051,7.04747,6.42554,7.17712,6.22164,6.27694,5.18929,6.46033,5.82195,9.70803,6.61672,4.09292,5.73302,6.87492,4.69319,5.60446,7.86365,8.66527,8.97404,5.40694,6.07885,6.53578,9.99809,6.7617,6.80668,9.16484,8.40459,4.35196,9.71678,6.84974,6.45104,6.19664,4.37799,7.09743,4.90317,7.40843,7.58113,7.60869,10.2695,8.63261,8.13218,4.07075,6.37705,4.82033,12.9059,2.2862,6.54247,9.33015,8.47826,7.57017,6.3436,7.62066,5.2588,5.26741,6.17434,5.79457,5.82873,4.01737,8.20592,6.09785,4.92377,3.15234,8.01884,8.21953,5.2476,7.24102,7.58941,7.51776,4.56633,2.93583,5.38699,3.62496,5.97559,4.88079,6.42341,6.37348,5.22021,7.57204,6.37319,4.224,6.68749,6.07837,5.98678,6.94419,6.17551,10.0613,5.31808,7.41702,5.18532,4.62584,5.64527,8.25731,