{
    "s:bins": [2,2,69265.95,138529.9,207793.8,277057.8,346321.7,415585.7,484849.6,554113.6,623377.5,692641.5,761905.4,831169.4,900433.3,969697.3,1038961,1108225,1177489,1246753,1316017,1385281,1454545,1523809,1593073,1662337,1731601,1800865,1870129,1939393,2008657,2077920,2147184,2216448,2285712,2354976,2424240,2493504,2562768,2632032,2701296,2770560,2839824,2909088,2978352,3047616,3116880,3186144,3255408,3324672,3393936,3463199,3532463],
    "s:counts": [0,1.23874e-05,4.331258e-08,4.331258e-08,5.77501e-08,4.331258e-08,2.887505e-08,4.331258e-08,5.77501e-08,4.331258e-08,4.331258e-08,2.887505e-08,4.331258e-08,4.331258e-08,4.331258e-08,2.887505e-08,4.331258e-08,4.331258e-08,2.887505e-08,5.77501e-08,4.331258e-08,4.331258e-08,4.331258e-08,4.331258e-08,2.887505e-08,4.331258e-08,2.887505e-08,4.331258e-08,4.331258e-08,2.887505e-08,5.77501e-08,4.331258e-08,2.887505e-08,4.331258e-08,4.331258e-08,4.331258e-08,4.331258e-08,2.887505e-08,4.331258e-08,4.331258e-08,4.331258e-08,4.331258e-08,2.887505e-08,5.77501e-08,2.887505e-08,4.331258e-08,4.331258e-08,5.77501e-08,4.331258e-08,2.887505e-08,4.331258e-08,1.443753e-08,0],
    "s:data": [3463200,3440810,3424590,3397510,3380760,3341390,3314590,3293110,3268920,3245050,3235020,3226640,3202990,3174000,3154770,3127260,3096140,3069760,3053970,3017010,2992230,2972740,2951280,2944130,2910630,2875610,2857900,2832760,2811260,2773240,2744200,2731270,2706010,2684810,2663330,2634960,2617210,2596370,2576620,2552720,2525700,2491200,2462440,2444030,2421260,2381000,2360840,2346570,2329460,2298010,2268220,2243350,2217140,2186020,2166740,2138010,2114300,2084430,2066680,2048250,2031690,2014400,1975780,1948320,1927810,1902960,1874760,1852770,1827540,1805670,1775070,1741440,1713120,1699950,1668370,1642380,1612520,1592380,1576150,1545000,1523370,1499160,1463610,1434830,1417470,1393000,1368520,1347040,1325330,1311060,1291280,1277520,1258680,1238690,1203190,1176230,1150560,1121810,1098390,1072670,1045870,1014070,988156,966083,944811,911611,890838,863796,851504,820416,795935,766652,742821,709739,679023,660738,640874,619664,595566,566678,546371,528732,503713,486461,455098,435284,417599,386140,360112,326144,304311,283528,263995,247394,224241,216120,186965,175801,157682,130960,102296,80974.9,50721.1,21949.1,20.4644,3.61911,6.24054,4.05274,8.92058,5.2682,4.10266,5.39239,5.23733,8.47329,8.24849,7.16742,9.11963,7.24785,9.88651,6.92626,4.09633,4.42396,5.40674,7.15871,6.86617,8.8273,7.24865,2.80792,3.03747,4.27668,5.25272,8.23521,5.52946,5.2989,4.09098,7.17589,6.48368,6.34542,3.99494,5.33719,8.73673,9.0656,8.69096,8.54715,6.17546,4.66005,3.48713,5.81237,6.28322,8.22692,4.63502,4.32857,4.18205,7.92161,7.32237,5.4965,9.10746,4.02795,7.16381,6.63605,7.95242,3.26074,5.59306,6.25488,8.76025,5.16509,6.25039,5.77294,6.905,11.0804,6.74971,9.11642,6.84225,9.54448,5.31316,4.31945,5.43158,4.06902,7.39509,8.98515,5.11548,4.96179,7.50439,3.1438,5.58961,7.64044,8.5994,6.32211,8.45463,3.60529,6.97217,4.18079,10.4013,4.34199,11.1229,5.88219,3.78303,8.85385,3.59348,5.69401,8.05358,7.53045,8.14511,4.98219,6.33638,8.22836,6.10906,6.35805,4.75329,4.88244,3.61303,5.59621,5.97736,7.21277,4.23687,11.6733,8.73998,5.51544,8.31989,8.53455,6.771,5.43256,4.66722,5.7206,6.83165,6.2362,9.94952,6.13973,5.82486,5.27593,6.09417,6.34956,7.4306,4.16162,6.00648,6.51209,4.6505,6.89953,8.36801,6.59425,6.94007,7.56936,9.27141,10.4125,5.92441,7.93893,9.72196,6.25282,7.2266,5.13398,9.23925,3.83122,6.21898,7.75433,8.40674,4.26508,5.16527,4.71791,7.37584,7.38437,3.9421,8.28435,3.35392,4.62743,7.02752,4.14997,5.69328,5.83395,9.22873,6.32507,4.11337,8.22156,6.40945,6.3629,6.6369,6.08566,7.39055,4.17151,7.53316,5.83268,5.32593,8.21201,6.68706,3.99624,8.07953,8.18331,9.63144,6.1933,7.04342,5.20162,5.18698,9.40055,6.36713,5.11786,4.61081,7.29787,9.22061,3.78121,6.47789,5.70897,5.69011,7.02912,7.1382,5.53357,7.20687,7.21777,6.96291,6.95312,6.76373,6.48919,6.52844,5.94097,6.50313,7.76992,5.05845,5.91465,5.83992,2.89585,5.08392,7.10428,6.80803,6.11841,4.69714,4.8478,7.2831,5.2178,6.57701,3.90991,7.38899,5.82888,5.77665,5.71596,6.96261,3.05166,10.2518,4.50459,8.33702,8.30253,7.19653,7.84018,4.17905,12.1398,6.38146,6.03977,6.30007,5.98333,7.04474,5.03122,7.93132,7.00082,7.18829,5.42909,4.72356,4.68989,3.65922,4.47491,7.90148,5.90511,5.40284,9.01568,7.23744,5.04763,4.9566,5.6047,7.11042,9.34968,4.81729,4.39163,9.14318,5.03715,4.52275,7.4107,7.39474,10.399,6.69549,6.25046,6.44301,6.27122,8.54015,6.9121,6.59616,6.77553,9.72805,6.53907,3.04811,6.51168,7.88761,6.03929,5.31854,6.40799,6.43817,8.6506,4.77912,6.91256,5.84345,5.27429,11.044,6.88958,7.12209,5.8053,8.31987,8.91944,9.01387,9.42708,6.82717,4.33703,4.84391,4.28735,7.20394,5.47083,5.74869,5.11038,5.65625,6.19033,6.2108,6.96149,5.17989,9.03145,8.70909,7.16672,4.70467,2.7135,6.78087,5.42199,8.47342,6.67437,4.52721,6.95821,6.45481,3.15233,5.01291,7.3489,5.12312,4.57873,6.12016,6.09312,10.0577,5.75145,4.04051,5.37101,6.34361,9.22713,5.66462,7.86066,5.42266,8.67073,5.34943,5.25365,2.84599,7.10758,3.71873,5.1228,4.17579,6.00241,6.80953,3.93898,7.00442,8.02615,3.94488,4.07697,5.58315,4.94665,3.38997,8.16781,5.83477,7.18849,4.02995,6.49323,5.91216,5.71378,7.01692,11.5537,8.14998,6.41167,7.88145,7.40332,7.38632,6.35053,7.8589,5.45714,7.33101,7.84598,5.89829,8.16701,8.09505,4.24566,6.96445,5.01184,6.369,6.34049,5.96394,6.274,6.21188,5.89065,5.25044,5.45248,8.09731,5.00277,9.63746,8.34417,9.7908,7.65031,6.58139,9.09869,6.1008,4.06169,7.72187,6.12799,7.08788,6.72637,6.71251,5.15499,7.8913,4.05453,5.31073,7.12193,6.44499,6.40549,7.81166,8.05812,11.3046,6.80851,8.17577,4.38958,6.93797,6.77348,4.36934,8.19283,8.55534,8.07237,6.97966,10.7565,4.32356,4.46574,11.9083,7.27405,4.77389,5.1466,7.74876,8.77795,8.30508,4.76191,3.88965,8.14338,6.04483,6.81359,8.19312,4.84571,3.6185,6.20882,5.87491,5.57499,6.83549,4.92337,4.26689,5.47639,6.65058,6.26977,5.44849,3.68519,4.15583,6.09707,7.7018,5.97938,4.9047,9.08446,4.57137,8.76099,7.93981,11.2707,6.41622,5.83328,6.06382,9.02666,5.3474,4.26649,7.09376,4.89146,6.02784,5.6158,4.75514,7.12126,6.66048,7.18213,4.28928,7.99437,5.81743,8.63588,6.84854,7.79789,5.45419,8.3088,5.35167,3.32798,5.3121,4.81227,6.32466,5.57344,7.50618,7.58623,3.57693,6.87563,8.88569,4.85443,7.47544,9.54874,9.42811,5.75904,6.56797,7.6442,8.2941,2.5357,5.58211,8.81764,5.03732,4.11495,6.58672,9.41493,7.13258,8.56347,4.80849,4.59918,5.87759,7.25605,8.32831,4.41429,5.18759,5.5545,8.56774,10.2253,5.16578,7.87494,5.84583,8.80951,5.56094,4.40699,3.93647,6.5781,4.97563,7.22607,11.1003,6.36448,7.17602,5.76432,6.09693,6.52974,7.15032,7.28836,7.44389,8.55131,4.41381,4.22862,5.81108,7.62715,7.50874,3.46872,5.66354,6.53734,6.06631,4.20976,5.33392,6.58785,6.6826,3.81641,5.90531,4.44179,4.53928,4.43108,5.64868,8.36454,7.56702,7.87998,5.61496,7.4511,4.06834,6.48046,7.46918,7.12218,9.20533,5.29105,4.12659,8.19613,11.3975,6.76412,6.44609,4.40983,4.83576,6.31562,7.29082,5.43435,4.8643,4.40532,4.25727,7.56919,6.84674,10.2466,8.12179,7.22584,5.35376,6.34553,4.62434,6.01406,4.4465,7.77847,6.81758,6.39621,5.12266,7.94132,8.71211,6.50647,9.33677,6.03569,6.38956,6.61619,4.84768,4.46976,4.5283,9.50932,6.56026,7.16466,9.51217,9.56592,5.28754,7.45454,4.34485,4.96252,6.93199,4.40158,5.61849,6.94576,7.48614,5.54315,6.13046,6.27916,7.96308,7.29466,4.44548,8.99218,9.29845,8.19208,7.64021,6.33574,6.91844,5.57847,7.63027,4.95571,4.68834,6.91293,8.72641,7.25037,7.42988,7.53725,6.06899,9.08882,3.75003,6.55266,8.35571,4.64347,8.82434,8.74551,4.71002,10.3148,8.80424,6.19088,6.63283,5.80467,5.64089,4.19436,7.40153,6.74329,5.22674,5.73876,7.51807,5.97867,6.9119,5.98344,3.59131,5.59476,5.20438,4.54143,6.06555,4.3207,5.7869,7.76708,5.50724,5.88504,4.43768,6.27262,8.19939,7.78483,5.99387,6.22256,5.47819,7.20228,2.74547,6.61518,4.81205,6.27901,5.40249,9.11088,9.45482,7.20018,5.67969,5.33604,5.52254,7.60574,5.12061,7.12668,4.82171,7.94977,4.77498,3.81777,7.14497,2.92449,8.45319,3.97401,7.66736,4.83684,6.81678,9.61102,5.67917,7.63401,7.29483,7.66482,7.6117,8.44583,7.41911,4.29996,3.95941,8.33828,