{
    "s:bins": [2,2,71546.75,143091.5,214636.3,286181,357725.8,429270.5,500815.3,572360,643904.8,715449.5,786994.3,858539,930083.8,1001629,1073173,1144718,1216263,1287808,1359352,1430897,1502442,1573987,1645531,1717076,1788621,1860166,1931710,2003255,2074800,2146345,2217889,2289434,2360979,2432524,2504068,2575613,2647158,2718703,2790247,2861792,2933337,3004882,3076426,3147971,3219516,3291061,3362605,3434150,3505695,3577240,3648784],
    "s:counts": [0,1.197852e-05,4.19318e-08,4.19318e-08,4.19318e-08,4.19318e-08,4.19318e-08,2.795453e-08,4.19318e-08,2.795453e-08,5.590906e-08,4.19318e-08,5.590906e-08,2.795453e-08,4.19318e-08,4.19318e-08,5.590906e-08,2.795453e-08,4.19318e-08,4.19318e-08,2.795453e-08,5.590906e-08,4.19318e-08,4.19318e-08,4.19318e-08,4.19318e-08,4.19318e-08,4.19318e-08,2.795453e-08,4.19318e-08,4.19318e-08,4.19318e-08,2.795453e-08,4.19318e-08,4.19318e-08,4.19318e-08,4.19318e-08,4.19318e-08,4.19318e-08,4.19318e-08,2.795453e-08,5.590906e-08,2.795453e-08,5.590906e-08,4.19318e-08,2.795453e-08,4.19318e-08,4.19318e-08,4.19318e-08,4.19318e-08,2.795453e-08,1.397727e-08,0],
    "s:data": [3577240,3556810,3530790,3502070,3473000,3456870,3423040,3389610,3371580,3353910,3324510,3293030,3263010,3244210,3225010,3188340,3172800,3133600,3106200,3087370,3065690,3042270,3019930,3005090,2980810,2951540,2920420,2894810,2870670,2863920,2838040,2818400,2788840,2768080,2746570,2707870,2682520,2662050,2628860,2600520,2577560,2553850,2528870,2515130,2491400,2465010,2443980,2425490,2404520,2376890,2360190,2328390,2299360,2266190,2230370,2211320,2190120,2154800,2125500,2111690,2084100,2063960,2043140,2009070,1981000,1953150,1925470,1903470,1870990,1843270,1818540,1793240,1778040,1757340,1736350,1704450,1684870,1667220,1637350,1604110,1585710,1561850,1545660,1529510,1500380,1475660,1461340,1443270,1409630,1384040,1350440,1334660,1298220,1265750,1243140,1218400,1185310,1166760,1136890,1110250,1093210,1077660,1057010,1040240,1003910,985538,961747,936076,907573,888810,852933,828207,811005,796714,776551,748853,731451,711351,692901,670246,650822,620491,591401,566059,542199,507148,476046,457177,427335,402115,379338,345816,331120,303497,277911,262090,239278,207075,183001,155035,133713,104652,83395.8,49401.6,20111.3,6.58169,7.65789,3.47382,3.39471,5.58693,5.41167,6.0592,6.47335,6.36005,6.44415,6.56799,8.58808,10.0397,8.67779,6.00416,5.96455,6.05815,6.10598,7.3535,5.75898,3.31624,7.2242,6.84944,5.93228,3.01162,8.07088,5.64104,4.45171,3.21152,6.98365,6.97294,5.80883,5.84887,5.99435,5.1469,9.05046,7.23705,6.78165,6.26342,6.65128,6.32972,7.55809,5.77356,7.39056,8.16502,6.42698,6.42659,6.01497,5.5695,5.04804,8.10963,3.94458,5.50275,8.54553,5.10225,8.4978,8.11842,5.96542,7.1635,3.93301,5.80997,9.28774,4.85161,6.29822,6.90815,7.63146,7.28383,6.68036,5.16165,4.4921,6.53816,7.99105,7.05538,7.5595,6.09848,3.21401,7.28093,6.68716,6.46131,4.8398,6.89441,6.86802,6.40573,3.9246,10.5332,6.05883,11.0577,7.84397,6.85559,5.57189,7.46168,4.74393,5.26383,4.93233,4.45532,4.38582,6.11636,4.52744,6.87428,3.08,6.69878,6.99355,6.10101,5.06568,5.2912,3.58993,8.14395,7.69547,4.88161,10.4127,6.5824,7.66972,6.47709,4.84623,6.85539,8.72347,6.20833,4.00114,8.71415,4.97135,4.74972,7.66434,5.47009,8.74515,8.37907,3.58851,5.05008,4.60218,7.73701,6.25607,8.7027,4.31815,11.3053,9.04923,7.71677,8.18328,7.86499,4.62032,6.27372,4.42168,5.27981,7.36745,6.69946,5.42243,7.2066,5.81449,7.65432,10.161,5.95388,6.38635,8.69684,6.02593,7.74788,7.10066,7.32348,5.43874,6.15441,6.5633,6.7296,7.06948,8.76032,4.72352,7.65966,6.0358,5.71049,6.19713,8.04236,8.60796,8.38081,8.39874,9.06582,6.2859,5.06325,6.24783,3.87934,6.47245,4.09716,9.84535,10.4038,5.39124,6.49775,6.50185,7.03242,2.56282,5.93253,8.44707,9.50309,5.22854,6.14733,7.17209,8.00171,5.99631,5.96385,7.15002,4.57092,7.83989,6.10286,5.7549,5.69384,6.01052,7.77682,6.39981,5.40013,6.26982,5.25926,7.32858,5.38212,7.34802,5.36332,5.62191,4.90559,7.15631,4.16152,2.45648,5.36552,6.41004,7.86837,13.303,4.96182,5.3537,6.10497,5.40546,4.66674,4.07042,5.94112,7.13681,6.30058,7.39401,7.73736,6.25384,6.41652,8.84727,10.2242,6.22775,4.10496,8.98293,7.95198,7.90033,6.98219,6.41501,9.49638,5.47715,4.64377,6.81917,8.93654,9.83909,6.9,6.03384,8.74428,7.56759,6.18076,6.5753,8.45629,3.28523,6.16533,6.82199,6.2315,7.54568,5.76436,4.19217,6.29161,6.67252,4.02201,6.74977,6.043,8.59541,6.48749,8.88763,7.07721,6.03183,6.27824,3.64164,6.09704,4.84375,4.75333,4.50904,7.47595,5.3286,8.10715,6.23221,7.87974,5.11897,8.78038,8.67783,6.51236,10.4973,7.68658,7.85071,4.87946,7.77847,3.85894,5.26455,6.27644,5.32635,7.29613,7.52655,3.73494,4.67105,5.65329,3.77119,7.54757,4.4482,6.52248,4.11039,6.46058,8.23186,7.64032,7.13588,9.10832,3.53066,4.03574,7.67754,5.86922,5.94038,6.33379,9.79641,5.9755,8.02017,7.1554,6.73808,8.96372,8.1083,3.77479,8.29518,4.65112,8.07125,5.96849,6.57251,10.596,6.97572,4.48561,7.38293,8.34896,9.72087,4.26368,8.00031,6.0969,7.34476,5.58373,8.96637,7.4291,5.47938,7.16668,5.37334,6.40552,3.87205,3.64829,5.46626,5.81264,5.1825,6.88646,6.29644,7.62022,8.39414,10.0978,7.38462,4.8932,3.97016,4.63794,10.2509,8.3929,6.09448,6.19428,5.10829,6.83082,4.2797,4.13233,7.21372,6.70799,6.35735,4.4053,5.52972,5.77258,7.8449,5.49543,10.4868,7.81982,4.55046,5.24167,3.19545,7.1755,7.72578,5.86781,6.27896,8.61659,4.5714,7.16305,3.77592,4.2151,6.05507,6.23687,8.0182,6.8369,6.02293,8.03307,7.03941,5.77679,8.94239,6.41937,5.6143,8.5484,9.75295,8.80124,7.70376,4.64277,4.99311,5.23443,6.25712,5.18123,4.32024,5.51274,7.03735,5.72387,8.1655,6.75452,6.70095,7.12981,7.47999,7.80326,6.55613,5.14438,2.97039,6.14384,7.30793,5.59531,5.88678,6.66867,6.36268,7.64215,5.83938,6.13697,6.64784,7.69601,4.17332,3.84078,6.10983,6.16568,6.9383,7.17962,5.55396,7.64585,9.89321,6.81953,6.96262,4.57679,6.28973,9.33663,4.52911,6.0577,7.53943,8.40748,7.35588,6.70399,6.19882,5.67882,6.83634,6.38569,8.82129,4.93717,9.59858,8.38595,5.96347,6.61596,7.26209,5.28177,6.24868,4.95351,6.11445,6.5194,5.68848,5.84605,5.2442,5.09746,6.48507,5.37699,5.54199,4.7489,6.88262,7.97893,5.14605,3.54376,3.88891,5.59457,5.77204,3.96351,4.58471,10.8321,7.77933,6.87209,7.39606,5.5463,11.1708,6.5931,5.63091,4.05595,3.45522,6.65485,5.74921,3.04714,5.29752,7.42035,2.90089,6.06717,7.57115,7.30316,5.69188,6.26134,5.29417,6.22733,5.99411,7.89417,6.16655,5.66298,7.34456,8.68844,7.94218,6.80099,9.59759,9.62633,7.68994,7.0519,7.06857,5.71509,8.76758,6.51891,11.542,8.17322,6.18384,5.4804,5.94056,5.45594,5.64548,4.6827,2.85408,3.06652,8.87349,6.92332,4.86726,5.22805,7.28026,5.99546,6.64339,6.97292,4.78241,8.87818,4.61695,10.2054,5.51274,4.46577,4.08739,4.73794,6.85397,5.38599,3.83126,9.15185,7.99229,8.77958,5.99258,7.47445,3.57961,4.01016,7.30181,8.08186,5.47603,5.14367,8.10605,5.14078,4.74213,6.35335,3.5995,8.72758,6.69192,3.97667,8.68638,7.55417,6.36297,6.34386,9.47495,4.94804,8.91912,4.91552,7.2703,5.58457,3.44551,5.4228,5.70338,7.53,6.58894,6.19043,4.76864,7.92743,4.27933,4.39966,10.1183,7.16166,6.23268,6.05111,6.47104,5.30152,4.46461,9.39576,7.75254,7.05887,10.0272,5.60741,7.59468,5.01271,9.56477,5.44843,6.92183,6.06863,8.82934,6.32426,4.26731,5.05985,6.99433,5.68629,6.45802,4.39443,5.64094,4.09744,9.03647,7.80848,6.04824,4.61025,6.51448,6.24967,10.2676,6.4241,6.24878,8.03987,5.38022,5.66141,5.87167,4.20796,11.1295,4.49663,5.74538,6.6752,7.56536,13.7421,4.83809,7.51277,4.99167,5.19615,8.08049,7.09676,3.44136,4.75033,10.7492,7.27828,4.3553,5.00295,5.34524,7.02896,7.09659,5.97099,8.86229,7.20496,8.38192,5.95298,6.15018,5.21752,4.63208,6.28183,6.1119,6.27704,9.07855,4.51643,6.56904,6.06276,8.25192,6.82341,4.95116,4.75743,6.25313,6.74287,9.14974,8.91946,6.30379,7.75751,4.52733,4.50577,8.07827,13.4782,8.47448,4.65765,4.85008,8.07499,9.88058,6.26465,4.85614,6.27712,4.3383,5.03977,5.30469,4.17137,10.8029,6.44541,4.32437,6.05336,8.63097,5.00209,6.28644,6.24939,3.62977,6.8171,7.71143,8.73125,5.7551,7.69794,6.29061,7.09727,8.16062,6.69191,5.27701,5.33969,7.30187,6.10929,9.26343,6.91267,6.32171,4.26738,4.12644,3.80773,8.68819,3.21692,7.79111,4.68508,5.08075,4.24238,