{
    "s:bins": [2,2,2.240306,2.480611,2.720917,2.961222,3.201528,3.441834,3.682139,3.922445,4.16275,4.403056,4.643362,4.883667,5.123973,5.364278,5.604584,5.84489,6.085195,6.325501,6.565806,6.806112,7.046418,7.286723,7.527029,7.767334,8.00764,8.247946,8.488251,8.728557,8.968862,9.209168,9.449474,9.689779,9.930085,10.17039,10.4107,10.651,10.89131,11.13161,11.37192,11.61222,11.85253,12.09284,12.33314,12.57345,12.81375,13.05406,13.29436,13.53467,13.77497,14.01528,14.25559,14.49589,14.7362,14.9765,15.21681],
    "s:counts": [0,0.004161368,0.004161368,0.008322736,0.008322736,0.02912958,0.04993641,0.07074325,0.08738873,0.09571146,0.1165183,0.1664547,0.1539706,0.1747775,0.1706161,0.2122298,0.203907,0.1914229,0.2330366,0.237198,0.2205525,0.1706161,0.1955843,0.1622933,0.1664547,0.1539706,0.07906599,0.1373251,0.1081956,0.07074325,0.09987283,0.06658189,0.07074325,0.03329094,0.04161368,0.02080684,0.01664547,0.02080684,0.02496821,0.03329094,0.008322736,0.004161368,0.004161368,0.008322736,0.004161368,0.008322736,0.004161368,0,0.004161368,0,0,0.004161368,0,0,0,0,0],
    "s:data": [8.27219,6.92282,9.39395,6.81879,4.97009,6.71153,7.56753,7.82062,12.038,7.73934,4.00694,6.76538,8.60282,7.8306,11.5519,7.16135,4.65633,6.14533,4.65545,6.0053,3.22717,6.22517,4.33427,4.7295,5.57663,7.33366,11.2521,5.90687,3.596,6.54821,8.883,5.40157,5.48206,6.11646,8.2019,3.67962,6.9223,6.36606,6.01762,7.19954,4.414,5.46648,6.56136,3.21066,7.99976,7.82652,4.59399,7.55133,3.83414,6.47052,4.51994,6.42181,6.14896,5.55303,5.61156,6.85496,8.26314,6.236,9.35542,8.65414,6.52104,4.90685,5.50791,4.42978,9.21773,7.43121,7.56465,4.41734,6.42827,10.0161,4.76815,5.203,5.35459,8.23091,3.55552,10.1207,8.95466,5.97371,9.0091,3.55679,4.68535,3.59632,6.23232,6.96798,7.08846,9.8126,8.61527,6.85075,6.05854,7.37485,8.21943,6.02127,6.22063,6.04031,5.32667,5.20483,5.20341,5.71338,3.89899,6.21452,8.57837,3.97763,6.82209,6.75198,6.22826,6.60926,5.29127,6.79894,4.64991,3.98825,6.74759,6.68664,7.52956,7.86628,5.41692,3.71284,6.44225,8.76284,8.19491,6.77168,3.35041,5.37501,5.66407,6.99566,8.17818,6.34929,6.64486,11.3679,9.16495,7.78805,7.1741,7.05607,3.39873,8.52896,5.52626,8.45958,5.02423,5.85972,7.86185,6.69106,5.9541,5.39902,8.74514,4.40553,7.33468,5.76845,9.19488,6.64738,4.71757,3.80471,9.49158,6.17355,4.35569,5.50736,4.74945,5.95107,7.72534,7.42562,4.82007,9.93032,3.97904,4.97982,7.84308,6.33057,7.99182,8.34426,8.26728,8.09075,6.48916,4.41342,10.3699,5.95806,8.66514,6.2009,9.69531,6.50134,9.37952,4.11844,5.88317,4.48019,8.46674,8.46145,12.4363,3.83275,4.64446,7.6221,6.89442,6.54422,5.44767,6.34395,6.14143,9.18436,6.8269,4.1967,6.21889,4.58406,4.28119,4.98818,3.98733,7.71074,3.69246,6.78593,6.86995,5.83678,7.09766,5.11135,5.06331,6.66298,5.07133,8.18057,8.20065,5.79142,5.23764,7.02394,4.0143,5.78981,7.32218,4.13174,3.99403,7.23007,7.44167,5.13685,7.5085,6.59413,7.06177,4.33606,4.49033,3.68943,4.54095,7.07826,6.62339,3.07404,7.28952,6.06586,5.62496,5.34289,4.00109,4.3609,5.55339,9.30723,6.55263,9.61764,4.66089,7.74149,6.5655,12.648,5.5543,5.29401,7.85363,9.19109,6.86594,7.36087,9.07157,5.01789,9.01907,6.14512,6.79731,5.46595,4.22263,5.73219,7.22603,5.15347,6.40197,5.52203,6.79698,8.28368,7.27781,8.15436,4.96867,6.33214,5.58537,8.57151,3.62698,5.58796,10.5642,7.74691,4.96812,3.76263,6.64275,4.57385,5.76419,3.28052,5.01665,3.09503,4.25167,5.65809,7.60448,6.32051,3.33101,7.9526,3.79016,3.50829,4.8632,8.11258,6.56641,4.02069,5.68073,4.81924,6.43711,5.97634,8.59215,4.26962,5.32121,5.77326,4.34924,8.15158,8.6576,6.83296,5.7414,7.59614,6.4814,7.13484,6.16273,5.15646,4.87043,8.2411,7.81,8.74793,8.46689,6.36842,7.01445,9.46224,7.0124,3.77559,4.88183,6.20212,9.39448,5.63035,9.16201,6.74371,4.87368,9.43336,5.5131,7.15246,3.43187,4.18093,5.47262,7.37152,7.96046,6.29519,5.37875,11.0597,5.66909,5.32847,7.22731,6.30111,4.80266,4.72968,3.22521,8.7425,7.29346,8.54103,7.20589,4.55164,8.17875,5.47269,9.3929,7.85955,7.45925,3.79767,14.1912,7.77163,6.01433,6.06126,8.00144,4.69024,7.28093,13.3329,8.29845,5.65765,8.43691,3.49156,6.57273,6.62966,6.53473,7.7083,5.3571,6.64718,9.59389,4.36754,5.15277,5.28324,6.59047,9.94337,9.49584,7.15467,5.64302,9.21921,7.11068,5.9963,7.89279,4.01389,10.7614,5.97759,6.80611,5.04204,10.1726,7.25109,5.02487,6.3565,7.44034,11.1416,3.74818,6.67612,7.87118,8.83864,7.15043,2.449,4.51777,8.38228,6.16829,9.00937,7.21541,5.57022,5.07109,4.17831,6.45434,5.60366,7.48791,9.1782,7.08494,7.13738,5.67099,5.82144,7.63308,10.4622,6.77773,4.97569,5.76174,5.45418,9.67221,6.94239,7.40716,8.99848,2.98191,10.5585,7.93813,5.02905,9.53567,7.18273,6.30066,5.8944,5.994,5.20928,8.73768,4.23514,7.52262,6.58244,5.74259,9.10211,4.45803,5.45677,5.77988,5.53281,5.28768,4.50517,4.02007,9.41198,5.06562,5.04689,2.72658,7.57727,6.68767,9.01712,3.81288,4.61665,4.9332,10.0494,8.59012,7.784,5.6726,5.92031,4.42745,5.95844,7.42641,7.44334,7.0332,6.13138,4.73568,8.64014,5.99714,5.96821,4.19049,4.90653,7.84398,7.30968,8.34163,6.13659,6.66547,5.13059,4.35602,10.22,7.43035,8.84219,9.49546,4.47717,7.12583,6.31493,5.88614,4.66782,5.83048,6.6805,7.76212,6.0009,7.74784,11.2261,5.82385,5.26259,6.06243,5.02933,5.09149,8.29724,8.44091,9.08518,6.00091,8.36547,3.44193,5.13902,8.95852,7.84693,5.70529,8.61538,6.74909,5.85642,4.60445,11.2317,5.54391,3.87701,6.41374,6.15256,8.41295,3.44155,4.58703,3.98448,3.63676,9.17401,5.63806,6.33055,9.89368,6.17676,6.50091,7.41754,6.55932,6.47207,6.43873,8.57289,7.86487,6.47629,6.85271,7.48877,4.99648,5.03266,5.33442,8.32577,5.92474,10.8497,7.79751,7.59078,6.5783,7.78457,6.01374,11.1154,6.98721,7.57379,5.71883,4.61738,12.8424,5.40957,6.12624,8.34387,8.92393,8.23671,8.90906,4.55498,6.43632,4.5568,6.42785,8.00087,5.34742,4.85664,6.5528,7.16752,8.43078,7.31138,4.73901,5.94298,4.01394,6.50501,6.37706,4.16748,7.49238,11.1893,6.047,6.05691,5.36658,5.75186,7.09139,6.24311,7.23089,4.72893,6.19044,7.01095,6.04669,2.70212,8.04516,6.65155,8.82093,6.35811,6.94466,4.59892,9.51656,6.12506,8.53166,6.97959,6.71221,4.5311,8.35353,5.52007,4.93953,6.04006,6.1333,7.65722,6.86368,7.26952,5.96406,3.32023,8.5111,8.16273,6.20985,6.312,6.22201,5.52084,7.72992,6.70697,5.62663,9.0274,8.81938,8.72649,6.53447,5.48744,11.0374,8.116,7.42377,5.20153,4.76835,3.6424,2.17592,5.11451,6.47426,6.09897,8.48468,8.6286,9.40695,3.86302,6.01036,6.90003,6.12153,4.65514,3.77684,6.94853,11.218,6.91579,5.93425,5.68674,6.16361,6.56142,6.3264,7.74369,4.94349,8.25448,8.34988,9.07608,5.1949,7.3039,6.14095,4.61094,3.57732,5.24474,5.68431,4.55965,5.4387,4.79103,5.17381,6.82888,9.63827,4.74876,3.14009,6.05413,4.51112,6.02059,6.39689,9.0644,6.45192,4.20214,9.87027,6.1544,5.10025,7.36739,7.27983,6.34215,7.7576,9.86361,6.25131,6.57587,8.36225,4.86965,6.78162,4.27861,6.9083,6.55291,3.46598,6.72575,11.0528,8.61,6.49444,4.62801,4.69386,4.2884,4.74445,7.337,3.81909,7.38758,10.6739,7.55461,6.7511,6.26845,9.47819,6.35794,9.87681,3.5035,4.07244,4.45699,5.79557,7.68652,6.9677,5.43414,7.72017,5.69436,5.65849,8.82501,4.8891,6.3069,7.5545,5.86883,10.1575,11.5854,6.13801,4.89716,4.24371,9.381,7.58576,5.14562,7.99349,6.58145,6.62865,4.38329,6.10916,9.97131,8.49073,5.13498,4.9188,7.91884,7.26151,6.70391,8.49562,4.42028,8.29421,7.60635,5.63413,5.82377,7.81813,8.47719,6.26976,3.97085,4.06171,4.91126,6.36845,7.09346,6.57933,5.29233,9.55646,11.68,7.20298,5.49036,6.07565,7.17911,3.99884,5.7049,3.04438,5.49407,4.35684,8.81681,9.11618,4.52954,5.54033,6.93704,5.42952,9.57078,7.07047,6.39669,7.2558,3.64353,8.50527,9.08382,6.12536,6.67926,5.60084,7.34251,5.70494,4.72475,6.2066,5.29289,9.29546,6.1515,9.57454,5.49617,7.66555,5.92586,4.77687,5.50917,5.83864,6.30662,3.64004,6.92544,3.34559,12.6159,4.54718,7.77683,6.29952,6.45336,9.57888,5.43819,5.92991,7.59737,5.01828,5.5888,7.65494,8.72419,8.90687,8.66892,6.09584,5.25126,5.78444,7.30861,3.26964,7.52925,9.32491,3.132,6.82252,7.12051,8.60623,9.90687,11.3083,6.61447,5.4334,4.5888,10.2546,5.48672,5.03797,10.741,5.69934,11.0333,5.06256,5.19288,9.31633,6.20059,7.47904,3.54778,6.85491,6.26862,5.52225,7.59027,7.1475,4.88887,4.36264,7.49579,9.63236,10.1333,