{
    "s:bins": [0,0,0.3482468,0.6964936,1.04474,1.392987,1.741234,2.089481,2.437727,2.785974,3.134221,3.482468,3.830715,4.178961,4.527208,4.875455,5.223702,5.571948,5.920195,6.268442,6.616689,6.964936,7.313182,7.661429,8.009676,8.357923,8.706169,9.054416,9.402663,9.75091,10.09916,10.4474,10.79565,11.1439,11.49214,11.84039,12.18864,12.53688,12.88513,13.23338,13.58162,13.92987,14.27812,14.62636,14.97461,15.32286,15.67111,16.01935,16.3676,16.71585,17.06409,17.41234,17.76059,18.10883],
    "s:counts": [0,0.002871527,0.002871527,0.01722916,0.02010069,0.06317359,0.08901733,0.09476039,0.1722916,0.2010069,0.1694201,0.2268506,0.2038784,0.2010069,0.1608055,0.2038784,0.1550625,0.1550625,0.103375,0.08614581,0.1177326,0.0746597,0.04881596,0.08040275,0.0315868,0.03445832,0.03445832,0.02297222,0.02871527,0.02297222,0.008614581,0.01435763,0.005743054,0.008614581,0,0,0.002871527,0,0.002871527,0,0,0,0,0,0,0,0,0,0,0,0,0.002871527,0,0],
    "s:data": [3.36793,2.16089,4.9905,2.57425,6.83582,1.11587,3.25748,1.24351,7.72134,6.28161,4.51568,5.1052,3.8553,5.72528,8.73835,6.62913,5.7485,5.6312,1.73243,1.5132,2.74999,4.18586,5.30731,8.98196,7.67533,3.40866,2.9278,2.441,5.45468,7.65319,3.90171,3.54655,3.76401,5.98276,1.43806,6.19472,1.95625,4.86624,17.7564,8.11918,6.11641,9.08977,4.34176,2.65192,5.10911,4.19697,7.96991,8.64641,5.75874,3.33208,5.5221,3.48001,4.45384,4.27846,3.63614,3.26843,5.52071,4.69101,9.72874,5.5029,4.91454,4.7002,4.41606,5.68839,2.01411,6.24542,2.62264,6.95122,1.59641,4.35998,4.22794,7.90168,5.90621,3.41889,2.02954,3.19191,3.05098,7.13141,3.3564,10.6505,5.27398,3.78124,2.96179,3.42937,3.94289,3.1853,6.53951,6.26777,11.0318,2.7765,6.33157,4.31186,3.164,5.90771,6.82876,4.70233,5.10412,6.27626,5.82054,3.44527,3.27247,5.93708,7.32597,5.80489,4.3051,2.0405,4.07379,6.49999,5.6134,2.55633,5.82898,3.61097,5.57815,5.00856,5.94258,5.02455,3.40145,1.39876,7.52731,4.69949,3.1473,2.90689,5.39186,4.57199,3.99203,4.66631,2.05009,3.68208,2.85852,10.6481,8.19472,4.38649,1.44347,5.14169,6.08861,2.47494,4.31143,5.09718,5.27883,9.80507,5.12209,4.63324,8.0515,2.32326,4.55303,4.69853,4.44415,7.47044,2.08173,1.94528,7.37339,1.27112,3.81919,1.89033,5.70335,4.82434,4.99387,6.21581,3.55659,5.29634,4.15485,4.58481,4.31067,1.93439,4.03452,3.37792,10.02,6.31357,2.83715,5.40832,5.61908,2.52392,2.79652,6.13275,5.11258,1.63441,2.57126,3.29546,2.23053,3.07255,5.18436,3.38542,6.707,4.39839,2.4861,9.76596,7.91805,2.49689,6.68882,2.97089,5.09738,6.02852,1.86202,5.89785,6.07458,3.49745,1.31594,5.76404,4.89515,4.41143,6.30112,3.67521,9.94591,3.55371,4.06679,3.12511,4.58626,4.72295,2.18053,8.24173,3.04905,7.893,5.71611,3.63856,6.35683,6.36987,5.83888,7.87063,4.97211,7.14588,2.55432,3.77394,7.46633,3.02558,4.4456,2.58894,3.57804,5.92117,5.44745,6.22209,5.51192,1.86075,2.5322,7.41925,5.00446,5.56462,3.04356,3.11548,8.99906,1.91994,5.18835,11.261,2.28665,5.43786,5.68106,4.70022,6.76414,8.39397,2.47462,2.09766,2.66623,6.8457,3.64904,5.84037,4.04133,7.04678,4.27228,9.58824,5.85816,3.0786,4.1678,2.69157,3.42371,0.344061,6.2836,4.15103,4.91044,4.77973,1.97847,4.14896,7.70196,4.78845,10.6607,5.36219,5.76799,7.91924,6.73917,4.31336,4.28384,11.403,5.35688,2.60723,3.76185,2.68473,11.1546,3.71219,3.18644,2.80634,5.24965,3.38985,7.45738,4.06859,7.07762,4.66613,4.31701,2.77226,4.06667,4.4961,8.6507,11.0412,5.61925,5.31249,2.73142,5.52012,3.75804,2.21048,3.49072,2.85823,3.51268,5.29384,1.04047,3.30925,3.63168,3.03652,9.28971,4.26571,5.93733,2.60977,4.12052,5.24918,4.99961,3.5807,3.78594,3.96174,5.15219,2.0673,2.97502,5.99195,2.07601,2.88205,3.55035,4.42632,6.76223,5.86903,6.86212,4.10952,8.60828,5.36305,3.83658,1.92179,4.60296,2.56601,3.47984,4.25359,8.76941,6.48043,3.46918,5.13813,3.06662,6.63501,2.6975,6.15619,4.41082,4.67548,3.05649,4.23541,6.63207,1.64832,4.48708,6.72517,6.70957,4.09545,5.9305,4.58436,3.62491,3.36867,4.70655,2.34266,2.89803,8.38222,0.878095,4.65709,5.70777,5.41041,6.97179,4.85107,5.99108,2.08025,6.82967,4.4292,4.06627,3.64408,2.80083,3.15644,7.864,2.63459,5.07385,5.5825,9.67451,3.67227,4.2399,5.18539,4.90315,3.36795,7.72928,6.71225,4.43526,3.16893,4.67799,2.94504,6.70468,3.95361,5.46337,5.30888,2.93801,9.60888,3.38495,10.1953,2.91868,5.71075,5.93221,6.95273,3.48336,2.48591,3.02471,3.10052,9.67239,6.52388,5.70259,6.92095,4.3838,9.1612,5.47787,5.39562,3.94143,2.99305,3.46162,7.78366,2.34143,5.02316,5.6927,2.5065,4.08742,3.74266,2.16741,2.84621,2.74991,4.23995,2.97875,5.22973,9.71307,4.41328,2.57514,8.74365,5.12336,4.80961,6.75099,5.81313,3.59592,6.89611,3.97289,4.07468,3.5647,5.09476,3.5222,4.72879,4.50316,5.63436,1.79248,9.60172,1.51454,8.39718,7.44891,3.69267,5.45094,5.08286,2.44511,5.01125,10.7877,5.67216,2.84402,2.61666,5.9707,4.84861,3.59208,6.74767,5.0084,5.59106,4.69821,6.94237,2.09095,10.1072,2.73568,4.54686,6.27828,5.31894,8.51935,6.73883,3.36822,4.171,7.90982,2.81718,2.45231,4.54869,5.64804,4.65804,4.26576,6.03243,1.50478,2.61458,8.87037,3.95642,4.99825,9.35749,3.48274,5.73381,7.71939,7.72315,3.02147,4.49359,5.71655,5.40442,3.55541,2.62527,9.45721,2.25578,6.50273,4.04004,6.73902,6.79091,4.53705,4.19891,6.58328,4.18346,3.85642,6.87711,2.18466,4.33789,3.74668,4.42466,7.19814,2.53377,2.08748,4.61133,8.40983,4.27002,7.65525,6.06827,3.14246,5.41211,4.34929,6.66991,4.01961,4.53796,3.54637,6.72376,6.46348,1.48756,3.20158,6.81589,5.5407,2.89188,3.20853,1.80937,7.65372,3.19176,2.19725,5.20085,10.3713,5.38356,5.49343,3.70496,8.71092,3.64874,7.23627,4.64779,4.22323,4.60066,3.80817,4.90775,3.11559,2.13652,7.1654,5.52316,3.72345,5.15479,10.7604,4.27903,4.59116,1.74184,6.8702,2.36542,5.78659,4.47451,4.92017,3.66089,4.98925,3.00963,3.63889,6.45363,6.84943,3.08175,4.45717,1.48055,5.08031,3.81761,3.99759,4.0678,4.82811,7.74462,3.51794,3.41191,5.04622,5.70962,4.47326,3.68024,2.89717,3.00989,5.81632,3.96509,3.9311,3.77152,7.13885,3.16787,2.93795,6.5462,3.64887,7.32636,3.52726,2.06852,2.76997,4.63531,2.91492,7.02322,3.37024,5.95334,4.50484,3.79735,5.3253,5.38324,5.11404,5.29522,3.48919,3.11482,3.83962,3.7166,3.63531,1.9593,2.98728,10.0868,3.44804,5.23655,5.84983,4.41323,8.9087,8.09235,7.43956,3.42525,9.692,4.48099,2.61036,7.39078,2.30885,7.81269,2.24762,6.95707,1.95244,4.07592,7.03659,4.72672,8.87381,6.00822,3.66183,2.99451,4.12995,1.61338,4.27098,3.51562,5.41544,6.32794,3.8459,7.0016,3.14982,4.67876,2.08607,5.11781,3.97304,6.54269,4.17998,4.42539,1.64278,4.69074,5.85306,1.20092,2.76806,4.12546,3.16893,3.74608,12.8939,3.89686,5.90902,1.89535,4.54813,4.67213,6.66443,3.60165,2.52934,2.60101,3.83317,4.57272,2.33131,0.866067,5.13354,4.12965,7.21048,4.01028,0.894359,4.82984,6.30451,3.30483,3.85887,1.80896,3.0704,7.79459,8.57918,5.22136,1.9221,4.3324,1.42091,1.68673,3.22257,8.26423,9.28802,3.90252,3.60254,8.81855,7.88168,4.5781,3.70134,8.14227,7.69244,5.05116,5.27348,7.80429,6.21212,5.70758,2.51374,2.69785,8.14318,3.9853,5.62509,3.1432,4.11393,3.13397,6.73004,7.16421,6.445,4.42293,5.67975,2.15318,2.56856,7.12186,5.17073,3.45907,3.61952,6.18773,2.99126,4.91164,3.23259,6.21282,2.90821,5.06286,2.48323,5.95264,5.74929,5.07982,3.73781,5.02339,1.58373,4.40704,3.93648,6.00889,3.96768,8.87604,5.36767,0.862016,3.6411,4.41643,4.57193,4.39518,5.41029,2.76807,3.04018,7.74928,2.82414,7.35297,3.90421,9.25469,5.22878,7.82555,3.25138,10.0401,3.8275,3.01283,3.13598,6.89103,5.43653,4.93078,4.02284,3.15962,6.31131,4.04325,4.25006,2.49151,2.11338,6.09811,3.3429,5.85914,2.80959,6.34016,4.01175,3.53105,1.37282,8.50755,5.24859,7.19795,3.96546,2.43585,2.8678,6.71499,5.40082,1.03508,5.77278,4.91529,6.44593,3.81306,7.7648,4.90195,4.81592,3.78734,2.6984,5.02218,7.80969,6.6637,3.45322,3.01,4.39101,4.52069,2.51519,7.82071,2.36304,5.48202,2.42627,6.52635,2.96754,3.7387,5.30581,4.65918,7.18066,4.42219,4.34225,3.97947,4.9876,2.28493,2.19779,5.20281,7.70767,5.7032,2.99654,7.29215,3.37569,2.55232,4.46485,6.51746,7.63731,6.45804,4.16028,2.95399,5.11824,6.56402,5.03144,9.1557,4.59504,3.31099,5.91036,3.90398,8.45222,1.62644,5.84693,4.01246,2.21928,2.47288,3.84907,4.60986,5.17277,5.0632,1.77749,3.27211,3.97134,2.86375,2.27529,7.74579,