{
    "s:bins": [25,25,53223.08,106421.2,159619.2,212817.3,266015.4,319213.5,372411.6,425609.7,478807.7,532005.8,585203.9,638402,691600.1,744798.2,797996.2,851194.3,904392.4,957590.5,1010789,1063987,1117185,1170383,1223581,1276779,1329977,1383175,1436373,1489571,1542769,1595967,1649166,1702364,1755562,1808760,1861958,1915156,1968354,2021552,2074750,2127948,2181146,2234344,2287543,2340741,2393939,2447137,2500335,2553533,2606731,2659929,2713127],
    "s:counts": [0,1.740664e-05,1.879767e-08,3.759534e-08,1.879767e-08,3.759534e-08,3.759534e-08,1.879767e-08,1.879767e-08,3.759534e-08,1.879767e-08,3.759534e-08,1.879767e-08,3.759534e-08,3.759534e-08,1.879767e-08,1.879767e-08,1.879767e-08,3.759534e-08,3.759534e-08,3.759534e-08,1.879767e-08,3.759534e-08,1.879767e-08,3.759534e-08,1.879767e-08,1.879767e-08,1.879767e-08,3.759534e-08,1.879767e-08,3.759534e-08,1.879767e-08,3.759534e-08,3.759534e-08,3.759534e-08,3.759534e-08,1.879767e-08,1.879767e-08,3.759534e-08,1.879767e-08,3.759534e-08,1.879767e-08,1.879767e-08,1.879767e-08,3.759534e-08,1.879767e-08,3.759534e-08,3.759534e-08,1.879767e-08,3.759534e-08,1.879767e-08,1.879767e-08,0],
    "s:data": [2659930,2631680,2605380,2582620,2538270,2499670,2467190,2429240,2409680,2367890,2327250,2295870,2239720,2199640,2159210,2114580,2076730,2043180,2019840,1972100,1932500,1898660,1853600,1816520,1800010,1776040,1738090,1729160,1693600,1672260,1633680,1591200,1548370,1507290,1470840,1443310,1394660,1340680,1310700,1262570,1233230,1196000,1159730,1119910,1092570,1063690,1027780,1001220,962800,937722,909639,858990,818518,783606,739814,710416,676472,639709,604956,574088,539604,506757,463329,436844,393491,360974,314936,299433,260075,221084,169171,136325,111741,87702.5,32124.4,601.59,37.8403,31.8134,29.6548,48.4332,36.8093,45.6913,46.871,44.095,39.4552,33.4704,27.6734,48.0887,41.199,36.8541,26.5692,39.4727,37.814,46.665,54.4023,36.0791,35.6839,36.9635,38.0252,41.2161,31.9516,39.41,41.2532,50.5861,36.613,48.2348,49.4547,31.3056,41.3566,42.7673,41.3886,34.4056,42.1978,50.2907,47.2268,30.3463,42.6906,30.8536,36.2391,47.3518,38.4696,30.5016,32.2168,32.4319,39.4691,53.253,41.6174,52.2354,36.5862,36.5332,35.8367,43.0195,54.83,43.2674,45.1335,37.9914,38.0335,33.6869,43.147,50.8114,38.0193,33.0865,49.061,48.8239,41.1212,34.0938,45.3775,41.3857,50.5378,33.164,47.7621,45.209,40.309,45.3538,31.127,37.2244,40.616,40.3471,39.0325,48.0299,50.3344,41.4559,46.8285,29.4919,40.0617,43.0216,37.3137,38.1163,39.2129,39.8501,41.1368,39.4563,52.1526,48.5691,36.4323,52.4039,33.7736,37.7956,38.7732,35.8336,31.7795,46.5831,41.1103,43.0441,38.342,49.0149,35.0379,48.0914,47.6195,48.0762,29.788,45.7494,49.0583,40.6924,47.7806,35.3545,37.4831,43.196,42.7975,36.9351,33.1478,48.9385,45.3552,51.3214,36.7933,41.7693,37.0138,40.1987,45.257,43.9921,55.0705,46.2624,40.2208,43.6728,41.9908,32.5716,44.8345,45.8041,46.1016,36.6143,26.8542,44.1154,34.2727,39.5676,48.8889,39.4673,40.4916,39.4878,41.0063,38.1149,48.4535,29.6168,34.011,47.5811,43.3835,41.684,40.8945,37.711,32.4529,55.3032,39.9188,45.6941,39.0892,47.9006,36.776,44.3646,39.8307,33.2372,30.7592,32.3321,56.2808,48.1847,38.4662,40.9268,54.2052,46.0719,45.6549,43.6158,35.652,30.5844,35.1817,37.008,35.45,44.3036,50.5078,47.6296,30.703,44.8842,44.4357,38.554,45.389,39.327,30.0015,41.7385,37.4889,37.4532,44.8894,42.9376,35.8143,26.9479,57.007,45.6225,45.5532,43.9321,51.5862,39.218,43.1329,39.1806,52.2501,38.5419,45.1013,35.2724,42.1433,33.9362,43.5913,37.6993,36.8171,36.833,41.7086,39.4346,42.8776,32.6641,42.7212,36.1691,45.8857,30.148,52.4943,33.3617,39.7857,37.8407,42.0411,31.8811,43.1894,35.3077,39.887,37.3338,36.8146,45.6255,44.7325,45.9879,42.4144,38.3372,35.8379,48.4366,33.149,44.8396,38.7459,48.3781,44.3221,26.7563,41.8572,35.5105,36.2205,57.4872,51.7424,46.0954,40.5266,37.1348,46.1567,50.1138,41.1191,52.9939,47.1589,38.5719,40.95,35.5269,39.9837,40.9224,38.6601,34.2818,39.848,43.8228,38.4426,35.8025,46.1667,44.4524,44.1638,36.8322,45.0273,40.2167,38.6466,54.5812,28.698,45.5537,38.3116,34.3324,50.4424,34.9343,34.0199,42.3547,41.8847,41.7267,36.198,37.4324,39.6845,51.9173,39.6995,31.7843,60.6852,33.3938,48.3894,41.1971,51.8606,31.786,32.2018,38.0628,39.497,39.0307,41.2919,43.7286,44.9985,40.7319,43.4806,65.0608,56.6228,36.5386,29.656,50.2539,46.1159,29.0028,37.3617,38.5574,41.4684,43.6134,42.9203,34.7765,43.1732,43.101,41.0288,32.6554,54.3161,51.3019,40.137,33.076,47.2996,53.0891,42.3631,41.5186,40.489,49.8649,45.4414,41.172,47.2992,32.0352,42.482,45.4986,45.9127,36.0357,41.1775,45.7247,34.4699,35.4536,35.1724,36.321,30.9273,27.8029,36.1068,57.8318,50.7682,41.7314,37.2404,43.307,38.9302,39.1149,40.3639,32.3718,48.1707,41.2824,44.2021,67.6719,49.0136,53.3044,38.1991,39.114,39.9965,44.2043,43.4934,46.0679,48.1659,43.0749,45.462,34.0985,38.0387,45.3132,54.3504,37.7591,56.456,45.5016,36.9585,43.9859,48.1718,39.4564,43.0101,37.9038,46.2348,34.2044,43.2105,52.5011,30.9134,28.6523,53.4841,34.3754,42.4033,44.6318,42.7165,38.3327,42.5462,27.5935,37.8933,36.0884,43.868,39.5883,37.8526,50.1706,34.8514,45.9483,42.0042,48.0101,32.0154,41.3723,43.0938,37.8228,50.9589,38.5063,26.1811,44.7163,53.4588,45.6034,45.0659,41.4811,44.1408,52.3721,58.3542,37.3762,39.0955,38.5489,43.1656,40.6537,42.028,43.8827,47.6173,37.5651,29.9768,42.2797,39.0453,32.2983,45.3927,41.1889,35.5255,33.1229,39.8725,45.8908,42.8559,41.5462,41.2849,40.8132,32.9687,41.8594,42.0631,47.4594,35.4136,31.6803,34.4261,50.3898,36.8424,37.5914,43.9758,41.4235,45.5711,42.6191,50.0585,52.1043,55.5046,33.4563,37.9137,35.3791,27.6005,40.5095,34.5579,39.8618,47.2739,30.6376,54.758,40.7548,35.7427,42.1772,35.6537,34.5191,43.6524,34.765,45.833,33.1863,35.0825,47.0259,36.3565,42.3451,41.193,41.6673,41.6937,48.9354,44.544,37.8655,34.8119,35.0512,40.7395,39.737,39.9969,36.5713,37.0539,41.6002,37.2837,37.99,43.0728,46.2976,54.8877,47.8842,42.1591,45.1133,46.282,33.8085,29.6154,36.0357,34.4322,47.451,25.8871,50.3811,35.2325,41.7115,37.9432,45.535,40.135,43.701,38.9999,36.5106,34.95,44.1969,47.3132,42.3538,35.1505,47.8142,57.8606,43.7554,44.8901,44.2493,43.8626,35.3995,43.574,38.3015,31.0809,27.9139,45.4793,37.4325,42.7305,45.6245,31.8176,41.2915,52.9478,34.9497,42.0043,33.6148,28.6034,43.6764,28.4276,36.6389,44.1093,34.4751,37.5654,28.9483,43.05,39.208,41.2284,40.5748,45.1421,35.7508,41.1937,38.6747,38.4909,39.5165,46.4503,48.8107,40.0122,40.0451,50.1102,47.2807,45.4055,35.2309,48.1074,50.953,46.5748,40.608,41.761,43.0684,39.5281,51.6455,41.7055,52.4982,38.6543,39.2318,46.0601,43.5745,31.1399,37.4177,47.9524,35.6205,42.3715,44.0796,37.1924,35.0841,46.7899,40.6412,43.1543,44.9806,35.3746,50.8182,39.9894,38.7582,42.849,32.1178,55.1072,50.4469,33.9408,45.5816,36.7043,36.1768,27.3166,30.3446,29.8445,44.6472,53.6882,40.8713,43.6554,47.3319,28.326,34.8365,48.0791,36.1182,46.2058,32.395,36.8846,35.9267,40.6618,40.6734,42.229,30.8792,34.5663,38.3997,52.7501,40.6938,39.952,47.2969,43.519,44.844,33.4887,41.898,35.6902,39.1046,37.5512,39.8719,51.8363,33.5024,38.9949,45.4212,54.242,36.3001,39.9317,38.4456,49.4875,33.1543,28.3471,54.0789,43.9055,59.8312,37.2934,31.7513,38.1536,44.183,40.884,50.9056,44.902,36.8898,38.8163,38.3868,36.2866,41.8516,34.3007,44.2523,40.3373,49.3653,39.6813,40.6047,56.9356,40.7411,34.6314,43.8896,33.6297,43.8762,38.9776,40.1365,47.8224,49.4822,40.2001,46.3983,49.924,41.6738,50.3968,33.7842,33.8587,40.1298,49.8326,44.8216,42.5606,49.1766,41.1153,44.1884,49.2225,51.5266,32.0599,45.7263,38.583,33.3178,53.3778,33.4353,37.9382,34.5114,41.523,32.6785,47.4923,42.4401,43.3029,53.4381,47.4419,37.13,34.7522,42.3815,49.4492,44.8633,32.7258,32.6066,48.7553,38.5413,28.9193,31.4084,41.065,34.5863,48.8822,43.1022,52.5334,33.8553,57.5421,44.6354,34.3786,51.4918,47.4072,42.1486,49.1293,47.1072,45.2749,38.3218,41.9728,46.6027,39.5366,35.5105,47.2272,45.6242,39.0881,39.6597,36.479,40.3663,36.1972,39.5576,32.712,37.075,36.8228,46.9404,35.9621,54.1547,41.0007,36.0545,40.9724,33.6967,47.0445,40.1013,39.6521,31.2936,39.7021,42.2267,34.6161,34.4091,33.8563,50.9798,48.4964,46.8576,