{
    "s:bins": [0,0,0.2930275,0.586055,0.8790824,1.17211,1.465137,1.758165,2.051192,2.34422,2.637247,2.930275,3.223302,3.51633,3.809357,4.102385,4.395412,4.68844,4.981467,5.274495,5.567522,5.86055,6.153577,6.446605,6.739632,7.03266,7.325687,7.618714,7.911742,8.204769,8.497797,8.790824,9.083852,9.376879,9.669907,9.962934,10.25596,10.54899,10.84202,11.13504,11.42807,11.7211,12.01413,12.30715,12.60018,12.89321,13.18624,13.47926,13.77229,14.06532,14.35835,14.65137,14.9444,15.23743,15.53046,15.82348,16.11651],
    "s:counts": [0,0,0.003412649,0.01023795,0.0204759,0.03753914,0.05118974,0.06825298,0.1296807,0.1092048,0.1774578,0.1672198,0.1842831,0.1979337,0.1911084,0.2013463,0.2081716,0.1672198,0.2184095,0.1433313,0.1296807,0.1296807,0.09555418,0.09555418,0.1330933,0.06484034,0.06142769,0.06142769,0.05118974,0.05118974,0.04777709,0.0204759,0.02388854,0.03071384,0.02388854,0.01706325,0.0204759,0.01023795,0.006825298,0.01023795,0.003412649,0.003412649,0.003412649,0.01023795,0,0.01023795,0.003412649,0,0,0,0,0.003412649,0.003412649,0,0,0,0],
    "s:data": [6.1672,3.84937,7.83747,5.14797,4.32432,4.52727,13.2211,3.52979,4.35639,2.87172,8.2031,5.06265,3.35567,5.63277,3.85694,6.9318,4.46922,1.12703,7.26951,5.73971,5.67743,3.79186,8.68618,5.24256,5.01966,6.8894,4.63437,5.22755,3.44755,4.91777,7.15446,4.94818,4.60856,2.13332,5.01245,4.36234,4.63226,4.55504,3.91185,6.88391,2.11266,2.73696,2.75403,2.66314,5.8977,8.63964,4.85296,6.18163,8.49596,2.26735,5.28152,5.47792,4.50298,2.82916,3.80514,7.8497,5.48105,6.74752,3.06777,6.3365,3.84844,2.42889,10.2818,5.14421,2.73114,1.63604,10.6951,2.95318,2.18232,4.28394,4.34643,6.8049,6.40329,6.59107,6.91592,6.46543,6.60809,2.91767,5.88149,5.85521,5.18307,10.6306,3.09607,2.89274,3.52729,6.36138,6.07029,4.99616,8.52559,3.81189,2.52545,4.7334,4.83767,4.90946,2.66133,8.11563,2.66091,5.67733,6.92039,3.76776,6.86006,2.99317,3.73925,5.79725,1.47616,4.19109,3.45223,4.08493,4.96544,2.7806,4.3602,0.95092,6.36391,5.3231,4.36526,8.05482,5.86211,3.51307,0.791189,4.68236,4.45178,1.19323,2.97824,2.2748,5.95462,7.06169,1.98699,4.14086,4.67629,3.61461,6.82258,5.92522,1.98375,5.96336,4.6563,9.66407,3.32481,8.49674,3.44694,3.5211,8.97936,4.40857,3.12701,5.3134,5.15397,6.30752,3.40877,2.51404,2.65419,4.56257,4.31654,4.24351,4.30853,7.84456,4.08741,3.6358,3.75683,3.0331,3.4433,5.14287,6.05047,4.1696,4.35491,6.06046,3.5849,3.29208,7.68298,5.42431,7.43481,3.29519,2.22528,6.23614,2.33942,6.30537,2.92331,3.29918,6.3224,6.82019,7.0307,4.56618,4.79873,3.22442,7.51581,6.47219,6.3827,6.39503,5.08625,1.92652,5.63918,4.67036,3.80996,3.6016,5.31653,3.4474,2.18567,2.80021,2.68083,3.45947,5.42727,7.12422,4.05743,2.09231,6.61036,1.87199,5.14505,5.733,3.36704,2.33952,5.38437,2.57781,2.07848,6.31278,4.59928,10.3313,5.47935,3.15003,5.18245,3.24302,3.07449,4.84341,8.43124,6.85356,6.0034,4.05818,3.76457,6.47685,5.0776,5.02882,2.72398,6.04235,3.06845,7.26843,5.24995,2.26973,15.1906,5.07736,5.24345,7.13656,5.75811,3.38834,7.01048,7.56762,4.42377,2.08556,1.83636,6.35628,4.13763,5.27696,14.9226,2.61395,2.04763,10.8927,4.07032,5.817,5.20867,4.67478,5.94686,5.12287,7.17853,3.30545,5.41972,7.1788,5.77154,3.48148,4.55493,3.08473,3.17721,2.09836,4.09404,5.80299,6.05443,6.27436,5.36313,4.04287,3.48115,3.93177,3.16223,3.80022,4.89541,4.27748,4.31119,5.06661,8.13916,3.91612,3.93137,5.33528,3.73696,4.83601,3.5978,3.11491,6.77841,4.46432,3.04803,12.4738,10.4382,1.85709,3.9347,5.68236,2.25659,2.21628,9.4096,3.2752,2.53185,3.38648,4.50751,9.00414,2.39554,4.01145,8.55062,6.77486,6.47094,5.2352,2.53228,2.20884,2.36328,3.15729,1.60384,4.97313,7.03354,13.1505,4.58831,3.26381,3.66728,3.31077,2.27665,4.75319,4.88336,1.24079,4.05555,4.53499,2.69711,6.3266,3.89884,6.66219,8.0268,8.26358,4.33554,3.5179,6.79925,2.85671,9.85577,4.20996,7.40669,10.5707,4.3092,1.77284,0.962396,3.02233,7.66783,8.45706,4.57128,3.57301,3.11783,5.58378,3.5639,2.903,5.06121,5.02593,5.08166,5.14747,5.79535,9.02127,2.17223,2.87488,3.19213,5.90822,6.55153,3.04861,3.44933,6.60317,4.14457,6.99843,7.05063,3.35794,4.05327,6.02436,4.72301,3.99385,7.22705,9.0141,5.38114,4.38487,2.80476,5.80148,6.08602,3.86819,2.87406,4.34159,4.28309,2.6013,7.7009,3.60301,7.88537,6.66694,4.31578,5.80675,4.73548,2.95654,8.61395,2.14984,3.31314,6.97861,3.51848,4.44098,9.4533,4.51606,3.16444,6.02878,10.9405,5.3238,4.96209,5.41286,1.19496,6.94427,4.49661,2.99566,9.54327,5.64674,6.59562,4.15908,7.85734,3.29651,6.10795,7.54543,3.2057,4.81836,3.44589,4.72698,10.0634,2.44379,4.85023,7.74148,10.0627,7.93816,3.67157,4.22743,4.13428,6.61398,1.01838,4.5442,5.89925,4.31584,7.96655,5.51532,3.54182,4.14292,4.09697,3.56781,6.02337,5.78002,1.58841,5.07353,6.95733,3.9581,4.08422,3.58326,7.12516,7.27613,5.08393,5.26211,3.43485,6.77595,3.82846,7.68647,9.33268,3.11318,1.90019,9.2607,3.0165,4.35675,4.93004,3.53881,3.60668,3.06421,3.47067,5.22904,6.39231,2.10833,4.56115,6.58701,2.31967,8.74629,3.72909,3.51704,6.16355,4.20244,6.17738,0.722532,3.53863,3.82143,4.1979,4.84794,6.83794,3.64998,2.74825,3.65098,13.1755,2.95534,10.4594,6.78903,4.42279,2.87842,7.36525,5.3601,6.36463,3.17768,2.50184,4.82557,4.61376,7.82157,2.51888,3.80344,3.89636,5.37899,4.79188,3.18042,3.13058,5.06629,9.28834,6.85657,0.952803,4.43948,1.47249,11.1456,4.5228,2.81057,5.6823,4.27108,5.3751,4.2664,5.12803,8.78301,3.00066,8.18447,5.57147,8.22474,5.70012,3.21924,5.54054,9.71957,6.01625,2.77595,8.21228,9.92637,5.08381,8.35319,7.06747,5.703,0.883283,8.2428,5.13302,2.79321,3.71583,3.01924,3.20341,3.52002,4.72821,7.61504,7.5049,4.3519,4.06447,3.79537,5.14035,3.23621,2.99916,7.01637,3.61935,1.66059,5.19694,2.46533,4.52097,7.04815,3.94073,1.94141,3.39921,3.87675,4.8847,7.61594,1.41181,3.76673,3.27003,4.89712,4.17795,1.61583,7.77528,4.88401,5.54982,11.8717,6.53768,4.83946,4.15005,3.71996,4.42468,2.07995,4.41083,5.13995,6.29777,4.56285,4.4984,6.15664,7.73257,8.11357,3.10447,9.80334,6.59185,5.27398,5.14719,5.09796,2.53576,3.30134,7.01757,2.57108,7.40259,8.77019,5.9383,5.96502,5.43901,6.896,4.02513,5.61952,2.91961,4.57196,2.62101,8.42477,4.03294,2.53024,7.51491,4.72622,2.17466,5.66002,5.27959,5.10472,5.54475,3.45218,2.81029,5.57542,5.96248,11.6699,4.2002,8.13882,5.84983,7.34065,9.76341,7.52235,8.07422,1.42679,3.03842,5.05019,5.91713,5.93286,3.39919,3.9527,2.16386,4.01489,2.11543,2.02313,1.72554,4.92977,1.89273,3.6932,2.25481,3.84642,2.6916,5.34625,3.79491,3.10962,2.52658,4.06062,2.42602,1.54297,5.73417,9.59367,2.89908,7.77555,3.25269,5.31375,1.90815,1.84876,8.35024,3.56829,5.37448,10.0672,4.91592,3.46898,3.5459,5.6434,2.12482,3.42845,1.40367,5.19094,4.16979,2.83386,4.33981,1.31233,3.68318,4.89638,7.37669,4.93953,1.32135,6.73404,3.78835,6.79302,6.85825,3.77542,0.745819,2.9668,4.57939,6.52957,2.7509,8.05963,5.25613,8.94091,4.41461,1.78029,7.02148,3.36623,1.70938,4.14104,5.22746,10.5067,4.29661,6.10456,3.28081,4.97141,4.1702,5.39348,5.3056,4.90427,9.62647,2.97048,4.04066,3.67742,2.52784,8.55997,4.45565,4.79028,5.92359,8.68136,5.19688,9.80574,6.06322,6.27486,4.63946,4.01499,8.3094,5.39647,7.86881,3.25873,6.81469,3.51906,5.97463,3.28369,9.97195,2.55648,3.91475,2.78632,7.72347,5.73126,4.51824,2.66562,2.92,2.2989,3.46519,5.50034,2.85804,9.7565,2.35177,4.48583,7.65594,4.97817,1.72193,3.09604,3.68156,4.81351,6.54524,2.54525,4.00956,3.84588,3.97487,2.769,3.35551,8.00933,3.76019,12.5807,4.49138,1.98666,3.87099,8.36278,9.20527,4.10408,2.38475,6.48088,2.7747,3.06027,4.13178,4.37645,2.23267,7.46849,2.87797,4.89256,6.79141,5.09146,5.13575,6.77883,3.7397,2.00929,6.7377,1.46177,2.21956,5.96898,7.00019,1.50599,4.26168,4.01904,4.03654,4.26661,7.35478,2.47761,7.51054,6.9825,5.91659,2.55884,3.91979,5.04884,6.52758,4.61666,4.29166,5.05331,8.88041,5.66074,4.57951,9.14049,0.539226,6.06944,7.41399,5.19438,9.32196,4.91479,9.60082,5.03732,10.364,2.10225,9.21636,3.7678,4.98823,2.91765,4.71225,6.33462,3.76959,3.98003,7.67275,4.45491,3.83779,6.51757,4.58573,2.48564,6.70829,4.79671,5.47144,4.03362,6.31807,5.14193,2.79077,4.2009,3.35199,6.31417,13.0211,5.01937,4.93969,3.42987,4.42118,7.16922,1.28067,2.76769,4.348,6.93965,5.64747,6.19227,