{
    "m:bins": [0,0,0.08955381,0.1791076,0.2686614,0.3582152,0.447769,0.5373228,0.6268766,0.7164305,0.8059843,0.8955381,0.9850919,1.074646,1.164199,1.253753,1.343307,1.432861,1.522415,1.611969,1.701522,1.791076,1.88063,1.970184,2.059738,2.149291,2.238845,2.328399,2.417953,2.507507,2.59706,2.686614,2.776168,2.865722,2.955276,3.044829,3.134383,3.223937,3.313491,3.403045,3.492598,3.582152,3.671706,3.76126,3.850814,3.940368,4.029921,4.119475,4.209029,4.298583,4.388137,4.47769,4.567244,4.656798,4.746352,4.835906,4.925459,5.015013],
    "m:counts": [0,1.027315,1.071981,0.8263189,0.9938159,0.7034877,0.7704865,0.781653,0.5359906,0.4131594,0.5024912,0.3684935,0.37966,0.3684935,0.37966,0.2456624,0.18983,0.1451641,0.2233294,0.1339977,0.1116647,0.0781653,0.1116647,0.1116647,0.1451641,0.1116647,0.06699883,0.05583236,0.01116647,0.02233294,0.01116647,0.06699883,0.02233294,0.01116647,0.02233294,0.01116647,0.03349941,0.02233294,0.02233294,0,0,0.02233294,0.01116647,0.01116647,0,0,0,0,0,0,0,0.01116647,0,0,0,0,0,0],
    "m:data": [0.224207,0.451955,0.0802889,0.453765,1.24059,1.54455,0.117639,0.158753,0.768001,1.56571,1.42162,1.55932,4.4788,0.351252,0.244329,0.415748,0.264732,1.24573,0.169427,0.626976,0.333262,1.77287,1.1009,0.681251,0.602351,0.443873,0.599865,0.669366,0.757988,1.21215,0.177518,0.231069,1.07042,0.544397,0.0387201,0.153965,0.347248,2.15789,0.876091,1.09617,1.8333,0.213221,1.08268,0.294052,0.574768,0.309685,0.138049,0.32061,0.54389,1.99931,0.183469,0.789782,0.86237,1.51335,1.23069,0.642659,0.050712,1.66057,1.93871,0.439273,0.901318,0.819677,0.25557,0.360853,0.518185,0.00986765,0.745545,0.563288,1.09648,0.336843,0.216888,0.420417,0.356627,2.33508,0.184053,0.521037,1.11324,3.21634,1.66971,0.261839,1.95339,1.91885,0.585196,1.59202,0.458229,1.51013,2.17586,0.593063,0.373617,0.960871,0.349628,0.334559,0.555329,1.13583,2.77136,0.819799,1.5964,0.318242,0.106036,0.305497,0.133684,0.585308,0.831168,0.369556,1.32412,0.332677,0.130327,2.16483,0.141574,0.4822,1.48186,1.01367,2.84365,0.991752,0.196971,1.32024,0.064671,0.0112834,2.75404,1.18011,1.25072,0.259322,2.71942,0.130329,0.348215,0.768031,0.0320373,0.659216,1.05973,1.90403,0.112434,0.0312716,0.184952,0.414834,0.0939079,0.130829,0.998391,1.15672,0.526544,0.673648,1.04303,0.572275,0.0741794,0.0760567,0.143618,0.894872,0.617665,0.118499,1.1177,0.283607,0.155213,3.83966,2.35208,1.02136,0.476951,0.5869,0.392557,0.751928,0.355364,0.667423,2.03143,1.63496,1.01049,0.855792,0.0280334,1.09482,0.639835,3.37388,0.488173,0.76946,0.0278667,0.854706,0.213145,0.0538604,1.21747,1.60351,0.860253,0.742066,0.972102,0.93131,0.14437,0.746139,3.17945,0.450391,0.554904,0.237163,1.66962,0.156932,1.25379,0.601576,3.30854,0.115198,0.538552,1.5165,1.58951,2.44229,0.00110965,0.256261,0.968833,1.16645,0.344527,0.640778,0.327715,0.333171,0.720488,0.315033,0.226334,0.552268,0.129319,0.530653,0.286038,0.569291,0.635106,0.734863,0.529698,0.462838,0.339153,1.19912,0.354476,2.09114,0.343367,0.233787,0.536143,0.106045,0.58492,0.513283,0.824435,0.457693,0.405285,1.78374,0.11083,1.13192,0.524707,0.456777,1.20451,2.07417,1.47836,1.77642,0.0796754,0.132302,1.11942,0.279935,1.84941,1.20812,0.712913,0.988249,1.66021,1.16565,1.10203,0.523483,0.753002,0.655603,1.07707,0.250671,0.631664,1.07868,0.364509,0.348088,0.177952,0.330928,0.993246,1.20955,0.245273,0.0807873,0.343914,0.375646,0.171518,0.894179,2.32496,0.486473,1.17905,0.437053,0.937223,0.048488,0.339387,0.370558,0.259403,0.0173788,0.108289,0.449974,0.290193,0.935605,0.191066,2.17524,0.117867,0.343674,0.322233,0.184718,1.55645,0.350666,0.528822,1.04131,0.208238,0.851588,0.0417098,0.0391018,1.23384,0.11918,0.352066,0.169505,0.166539,0.420908,0.48824,1.66626,0.500524,0.416089,1.64466,0.330603,1.31794,1.05538,1.58818,0.346008,0.677917,0.533072,0.184221,0.929587,0.183216,0.0300628,0.831302,1.03461,0.40369,0.261132,0.120045,0.599942,2.79193,0.163987,0.0649178,0.967422,0.0917269,0.645237,1.10659,0.638878,1.16758,1.78808,3.7231,0.0500888,0.998623,0.0501625,1.59911,0.376723,0.914135,1.09867,0.28513,0.47568,1.02677,0.742428,0.285181,0.449953,1.36016,0.103511,0.347649,0.562903,0.673473,1.10357,0.143073,0.195451,0.0397386,0.587307,0.00554595,0.581012,0.362569,1.42496,0.094893,0.969319,2.16361,0.0630648,2.70049,0.0689152,0.599373,0.341605,0.219757,0.197819,0.554462,2.04401,2.32334,0.614467,0.659198,1.06653,0.0959035,0.145105,1.7587,0.366879,1.02959,0.569408,0.807188,0.494539,0.0200014,0.63918,0.156409,0.573487,0.935942,0.254705,0.914939,0.0733585,0.780172,0.505305,0.571496,0.198944,1.454,0.467634,0.604926,0.806813,1.85059,1.42811,1.37457,0.329544,0.644693,0.380305,0.127806,0.00191141,0.525463,0.293251,3.23372,2.17911,0.406199,0.948723,0.880799,0.999934,0.580145,0.645228,0.0289695,2.77116,1.56582,0.917783,0.79074,0.205232,1.31827,0.876767,0.557129,1.50149,0.131218,1.70797,0.848946,0.935712,2.06836,1.31242,1.34592,0.920075,2.20709,0.307752,0.0705322,3.67014,0.652476,0.8549,2.06661,1.2896,0.467327,0.494046,0.629804,0.424498,0.785012,0.0832684,1.12522,0.403685,0.192379,0.118795,0.352938,0.731956,0.349912,0.272777,1.86701,0.334157,1.11124,0.1582,0.561044,0.86232,0.231759,0.878466,0.369849,0.441714,0.0663793,1.79284,0.665176,0.471155,0.954692,2.02623,0.424868,0.337032,1.11144,0.225442,0.42266,0.901311,0.0044933,0.167403,0.60894,2.22471,0.496071,0.0483189,1.81754,0.422915,0.581909,1.92584,0.180026,0.541575,2.05796,0.885184,0.113587,0.0228917,0.437235,0.141573,0.312263,1.26894,0.334766,0.325104,0.507525,0.368214,1.22519,0.465148,0.861371,0.00217614,0.13197,0.384582,0.902273,0.340146,0.473915,0.0620196,0.364236,0.947903,0.44981,1.15332,0.724945,1.72853,2.16492,1.28414,1.02074,0.278575,1.14022,1.16894,0.011952,0.371848,0.515067,0.56728,0.769932,0.442838,0.0754267,0.387371,0.124507,0.298399,0.702339,0.52461,1.90872,0.754029,2.06889,0.44709,1.25425,1.45797,0.811782,0.0197034,1.59008,0.642703,0.304842,0.479221,0.168614,1.17399,1.59704,0.21074,0.148525,0.131844,0.113347,0.0684477,0.691051,0.644307,1.30138,0.73623,0.148496,0.365192,0.36762,0.577739,1.1826,1.2473,0.0710558,0.420289,0.0342784,0.764689,0.24867,0.33839,0.591055,0.162859,0.638643,0.576113,0.474666,1.37953,0.541827,0.456569,0.687308,1.56113,0.00608586,0.270684,1.49129,1.42062,0.586291,1.96154,0.719564,1.18617,0.720594,0.471321,0.718699,1.6524,0.346129,0.943126,0.366316,0.671682,0.743314,0.41699,0.0894739,3.14954,0.970762,0.147385,0.506514,0.020122,0.0108752,0.756874,2.07625,2.05536,0.508122,0.42741,1.29796,0.320812,0.610799,0.411372,0.212128,2.13891,0.662926,0.378647,0.298279,0.0523661,2.87807,0.548432,0.98103,0.387832,0.571223,0.472951,0.328242,0.835839,0.817515,0.27655,0.420438,0.599516,0.0313542,0.208769,0.554779,2.10971,0.0331197,0.126957,0.591358,2.97859,0.00126899,1.59174,1.41871,0.943154,0.291537,0.137549,0.947434,0.14476,0.177852,0.530229,0.903094,2.25677,0.51708,0.615216,0.203041,0.30109,0.0570854,0.339097,0.258035,1.98147,0.198208,0.97793,0.111282,0.651424,1.24822,0.0290066,0.221262,1.69802,0.846128,0.643411,3.63253,0.577946,0.160337,1.26476,0.181919,0.159271,0.00890725,0.669491,0.101645,0.287822,0.570564,0.696131,0.459964,1.2865,2.3661,0.101915,0.678613,0.409059,0.52435,0.889336,2.07758,2.9946,0.733537,0.107719,1.23636,1.14491,0.121456,0.856354,0.0183212,1.41474,1.09793,0.293315,0.1797,1.11616,0.579268,0.574579,0.668985,0.832922,1.23813,0.626946,0.0897966,0.0961587,2.52073,1.56261,0.123331,1.20026,1.24715,0.184054,0.203782,1.34948,0.540163,2.25205,0.359933,0.141577,0.745785,3.0652,0.958898,1.6216,0.0163897,0.230694,0.0386681,0.446415,0.207826,0.25058,0.699626,1.27889,0.551939,0.274589,0.0440663,0.337567,0.863006,0.716443,0.307619,0.69991,2.73943,0.604162,1.04045,2.32438,0.0770604,0.323351,1.39784,0.658781,1.30773,1.19265,0.183223,0.882977,0.103769,0.0305852,1.3652,0.238253,1.94115,1.34255,0.309685,0.00322038,1.64212,0.819558,0.0492579,0.558378,0.843771,0.811308,1.19092,1.30209,0.578585,0.28999,0.135848,1.11892,1.92346,0.0226898,0.131036,0.900129,0.201166,1.02633,0.0796821,2.59552,0.0197995,1.0236,0.464937,0.234427,0.028573,0.0689602,1.26927,0.6148,