{
    "m:bins": [0,0,0.07409985,0.1481997,0.2222995,0.2963994,0.3704992,0.4445991,0.5186989,0.5927988,0.6668986,0.7409985,0.8150983,0.8891981,0.963298,1.037398,1.111498,1.185598,1.259697,1.333797,1.407897,1.481997,1.556097,1.630197,1.704296,1.778396,1.852496,1.926596,2.000696,2.074796,2.148896,2.222995,2.297095,2.371195,2.445295,2.519395,2.593495,2.667594,2.741694,2.815794,2.889894,2.963994,3.038094,3.112194,3.186293,3.260393,3.334493,3.408593,3.482693,3.556793,3.630892,3.704992,3.779092,3.853192,3.927292,4.001392],
    "m:counts": [0,1.025643,0.9851573,0.9176807,0.8906901,0.9176807,0.9716619,0.796223,0.6477746,0.620784,0.3778685,0.4993263,0.485831,0.6342793,0.2294202,0.310392,0.2564108,0.2564108,0.3373826,0.3778685,0.2024296,0.2429155,0.1079624,0.175439,0.1214577,0.09446713,0.06747652,0.1484484,0.05398122,0.06747652,0.04048591,0.06747652,0.1484484,0.06747652,0.04048591,0.08097183,0.04048591,0,0.04048591,0.05398122,0.02699061,0,0,0.0134953,0,0,0,0.04048591,0,0,0,0.0134953,0,0,0,0],
    "m:data": [0.220059,0.280306,1.1968,0.264363,0.25336,0.34222,1.75442,0.00206575,0.407524,1.9858,0.011867,0.389455,1.45521,0.650412,2.15286,0.502761,0.844478,0.0991964,0.85257,0.864767,1.33719,0.641913,0.12236,1.02991,0.0233309,0.744684,1.65558,0.0147397,0.235992,0.15298,1.55543,0.335426,2.28577,0.0496864,0.530948,0.280468,0.230651,0.530365,0.557056,2.51122,1.51549,0.276519,0.896277,0.45024,0.109199,0.140313,1.31987,0.0852133,1.42311,0.319407,0.673378,0.0911164,0.0683407,0.616257,0.578307,1.10187,0.956994,0.464558,0.589721,1.92905,1.08266,1.89301,0.364975,0.405971,0.201571,1.63045,0.434374,0.34282,1.76634,0.757452,0.00628045,0.147059,1.34482,2.5503,1.203,0.84206,0.0610309,1.16605,2.55122,1.05258,0.908065,0.784703,0.0504923,0.474817,0.00068773,0.160131,1.07465,0.319656,0.00146906,0.469361,0.194886,0.0895909,0.334936,0.108922,0.223282,0.355859,1.64784,0.130233,0.685577,1.40072,0.616522,0.938281,1.35538,0.00577062,0.875178,0.444321,0.778326,0.497482,0.557222,2.41422,0.0265662,2.60302,1.48808,0.638415,0.295162,0.0467752,0.246547,0.79808,1.29184,0.425103,1.24063,1.0458,0.629344,0.797376,0.43734,2.37716,0.249642,0.25176,0.52154,0.00684533,0.373034,1.9755,0.52263,1.76239,1.28987,1.37871,1.51395,1.2899,0.216952,0.658279,0.832386,0.631327,0.738108,0.206598,0.634288,0.368392,0.999421,0.351499,0.915629,0.0659043,0.272377,0.234712,0.103366,1.60149,0.0899566,1.59547,1.36375,0.0559866,0.738813,0.95592,0.0269677,0.0980449,0.20733,0.466505,1.55344,0.326341,0.178361,0.926845,0.551203,0.785182,1.6811,1.97297,0.0689961,0.199177,0.512256,0.0510966,0.302796,0.742665,0.163736,2.21871,2.23606,0.0133865,0.567268,1.01743,0.953668,0.697954,0.207757,1.08966,0.941087,0.0435536,0.608972,0.0980023,1.13675,2.01859,0.132188,0.382548,0.442686,0.100207,1.51159,0.549645,0.63744,1.31144,0.13524,1.42809,0.654167,0.574763,0.859041,1.16213,1.8512,0.116034,0.298455,1.66521,0.400953,0.282757,0.105456,0.0892597,0.200748,0.134721,1.27442,0.871176,1.05737,0.511566,1.201,1.16521,0.26542,1.53223,0.104118,0.0232293,1.03118,0.154121,1.47378,1.86148,2.11556,0.680663,0.488739,1.03749,1.68458,0.344757,0.912687,0.547468,0.315848,0.457959,0.60926,0.151829,0.569102,0.512859,1.99778,1.40878,2.57728,0.228067,0.140392,0.0301331,0.37514,0.644025,0.453561,1.09609,0.0849725,0.130192,0.101916,0.832147,0.252325,1.12398,0.91009,0.908875,0.554684,0.432338,0.356204,1.49821,0.958058,0.427559,1.1069,0.699984,0.278801,0.0328718,0.865684,0.505501,1.23997,0.00489319,0.392503,0.0820046,0.142934,0.41907,0.797417,0.310471,1.49505,0.127136,0.474718,0.350489,0.410492,0.647871,0.732504,1.35806,0.0640245,0.0818359,0.525157,0.693617,0.748649,0.364464,0.050755,0.25326,0.488115,0.0981734,0.95061,0.937075,0.415551,0.910014,1.03904,0.58716,0.219509,1.64147,1.3268,0.26725,1.96582,0.47843,1.58142,0.0636047,0.152689,0.606944,0.563068,0.175375,0.466051,0.394185,0.727996,0.864622,2.35257,0.352308,1.34819,2.62909,0.194459,0.516621,0.129009,0.393399,1.39099,1.23208,0.283944,0.328378,0.221072,1.20287,0.412897,2.4073,0.579954,1.36369,0.927096,0.203222,0.99614,0.761676,0.086066,1.11704,1.77618,0.273855,0.771802,0.414784,0.915003,1.32635,0.321915,1.14338,0.95412,0.403871,0.904371,0.367006,0.443145,0.738797,0.309085,0.794618,2.23751,0.408962,0.249128,0.401434,0.621914,0.480032,0.569473,0.840231,0.0648496,0.952687,0.658092,0.669338,0.0254295,1.46567,0.24327,0.314518,0.264997,0.847733,0.231497,0.918837,0.232522,2.02383,1.67169,0.66346,0.336056,0.446227,0.696998,0.373078,0.903869,0.315543,0.142371,2.55317,0.100322,2.28339,0.8457,0.0187735,0.194618,0.0560595,0.0133626,0.413336,0.652904,1.17466,0.320476,0.186637,1.18392,0.201941,0.347431,0.322084,0.582817,0.170697,1.29943,0.619696,0.230636,1.342,0.0348851,0.0862066,2.75886,2.12562,0.143703,1.31455,1.25496,1.47754,0.181832,1.34677,0.974505,0.63923,0.945621,1.63578,1.05562,2.65234,1.38763,0.0239133,0.405252,0.04539,0.556196,0.417479,0.245303,0.162645,0.310207,0.811748,0.0239037,0.326877,3.12152,0.459819,0.662545,0.391345,0.237478,0.0281382,0.332638,0.45196,1.12128,0.0712395,1.10142,0.578641,0.237465,0.025672,1.35482,0.901774,0.229779,3.4577,0.477082,1.27355,0.398846,0.226037,0.0323025,0.101173,0.97069,0.674922,0.867894,1.23846,0.541557,1.99367,0.205486,2.46584,0.174576,0.781946,0.514793,0.644616,0.198384,1.28709,0.488276,0.551325,1.03233,0.887869,0.585028,0.863496,0.557076,0.0489057,0.205392,0.369732,0.620453,1.19794,0.0360384,1.48536,1.00918,0.915558,0.516049,1.74473,1.09374,0.0149882,0.355258,0.0542851,0.0198828,1.4659,0.228719,0.821636,2.43486,1.31334,1.25488,0.382114,0.666292,0.44757,0.80111,0.323213,0.243695,0.298,0.052878,0.0104656,0.469463,0.439462,0.0430346,0.618621,0.5431,0.236395,0.542267,3.42689,0.327018,2.88896,0.169906,1.48094,1.94779,1.60491,0.379988,0.102136,1.21434,0.215189,1.15545,0.837396,0.904404,1.42955,0.246132,1.3886,0.959429,0.214593,0.469738,0.292933,0.97025,1.20319,0.171414,0.18876,1.76199,0.695918,1.19227,0.25784,0.22474,0.896329,0.914204,0.573119,0.814788,0.369154,1.11209,0.612879,0.446717,0.78768,1.71275,0.131819,0.255281,0.472796,1.97647,0.224171,0.0915117,0.527979,1.28625,1.3617,2.05634,0.436844,0.547865,0.476535,2.34172,0.670653,0.0822743,0.98617,0.494109,1.28754,2.15576,0.586254,0.664149,0.0329602,0.734107,1.32959,0.50982,0.146319,0.242448,0.349741,0.0719312,1.41887,0.957395,0.55405,1.90485,0.333805,2.53218,0.00186469,0.13879,0.225077,0.357486,0.251022,2.33758,1.51891,0.682239,0.547578,0.370715,0.926909,0.430315,0.693719,0.453973,1.60549,1.92099,0.0826331,0.0591869,2.34741,0.78151,1.16366,1.94532,3.70568,0.166532,1.11364,0.205813,0.821576,0.440941,0.911435,0.250104,0.255445,1.36339,0.487135,0.143853,0.0695259,0.187312,0.0442508,0.425077,0.832138,0.187371,0.0708557,0.0890572,2.36001,0.391019,0.233331,0.0721225,0.00854483,0.117374,1.31289,0.448008,0.396518,0.162956,0.206301,1.40969,0.438972,0.829198,0.927927,1.8509,0.311163,1.03484,0.284485,0.425741,0.371942,1.01049,1.6581,0.715851,1.20479,2.32769,0.746515,0.595684,0.373447,0.83523,0.328234,0.482754,0.312974,0.495572,0.518679,0.215786,0.511234,0.245044,0.335641,0.638971,1.1363,0.00420146,1.29581,1.43699,0.756441,1.80342,0.218275,0.325022,1.31087,1.57013,0.289714,1.53256,0.305591,0.824007,0.443575,0.467594,0.962711,1.06515,0.265578,2.82215,2.34671,1.83381,1.70569,0.445078,0.177763,0.117441,0.0803525,0.0940151,1.10863,0.615475,0.815592,0.58923,0.257346,0.37146,1.10103,0.30086,2.33669,0.214509,1.39451,2.08916,0.944763,0.712274,0.621608,0.904122,0.562042,0.917998,1.40038,2.13368,0.372519,2.37953,1.31727,0.585617,0.430072,1.33757,0.17539,0.106738,0.356869,0.0838549,0.0369767,0.362803,0.64479,0.61518,1.62115,0.864095,0.142706,0.472081,0.234013,0.55944,0.14904,0.0496459,1.50499,0.434457,0.767497,0.393366,1.16661,0.121007,0.764114,0.795193,1.93184,0.289644,0.425543,0.338376,0.105871,0.558367,1.6946,1.4974,0.734068,0.123365,0.884937,0.962956,0.944914,0.772238,2.9589,1.26145,0.0251568,0.622244,0.716475,0.164856,3.44454,0.0742945,0.334316,0.429259,0.419843,0.3926,0.310377,0.463465,0.0384009,1.00839,1.17613,0.184298,0.615542,0.215111,0.318395,