{
    "m:bins": [0,0,0.08974649,0.179493,0.2692395,0.358986,0.4487325,0.538479,0.6282255,0.717972,0.8077185,0.8974649,0.9872114,1.076958,1.166704,1.256451,1.346197,1.435944,1.52569,1.615437,1.705183,1.79493,1.884676,1.974423,2.064169,2.153916,2.243662,2.333409,2.423155,2.512902,2.602648,2.692395,2.782141,2.871888,2.961634,3.051381,3.141127,3.230874,3.32062,3.410367,3.500113,3.58986,3.679606,3.769353,3.859099,3.948846,4.038592,4.128339,4.218085,4.307832,4.397578,4.487325,4.577071,4.666818,4.756564,4.846311,4.936057,5.025804],
    "m:counts": [0,1.11425,1.036252,1.20339,0.7242623,0.6908348,0.6685498,0.5794098,0.5459823,0.4234149,0.5236973,0.4122724,0.3677024,0.2674199,0.2339924,0.3342749,0.2562774,0.2339924,0.1894224,0.13371,0.1448525,0.2117074,0.155995,0.04456999,0.1002825,0.07799748,0.05571248,0.05571248,0.05571248,0.06685498,0.02228499,0.05571248,0.03342749,0.02228499,0.02228499,0.0111425,0,0.0111425,0,0,0,0.0111425,0.03342749,0,0,0,0,0,0,0,0,0.0111425,0,0,0,0,0,0],
    "m:data": [0.986682,0.109361,3.01091,0.776378,0.942613,0.489093,0.0239662,0.494239,0.525427,0.722462,0.336768,0.92746,0.968115,0.198537,0.575254,0.286019,0.302904,0.51945,1.55321,0.851121,0.428197,0.288581,0.722341,1.90077,0.133063,0.946053,0.26295,0.589472,0.413811,1.08215,0.94921,1.34466,0.485355,2.28051,0.0672858,0.210992,0.0547091,0.0499579,0.167695,0.165848,0.159456,0.224887,0.0617237,0.0679803,0.907548,0.712503,0.366436,1.84541,0.567893,0.540863,0.877483,0.60665,0.114082,0.836506,1.18005,0.290399,1.72088,0.67941,0.571167,0.375345,1.97224,1.94552,0.322675,0.609912,0.462382,0.090432,0.127335,0.917674,0.378046,0.398643,0.244576,0.225962,2.18378,1.4419,1.21717,0.449264,1.16471,1.17596,0.238668,2.39211,1.29002,0.385481,0.580538,0.465524,1.0692,0.091293,0.0413136,2.82956,0.343554,1.63702,0.155237,1.36689,0.390262,0.18059,1.01926,0.0255661,1.49125,2.36025,0.0323865,0.601189,0.744352,0.626973,0.795207,0.970174,0.853191,0.654048,0.365009,0.108227,0.409822,1.90716,0.00488292,0.0388352,0.94239,0.49982,0.00550247,0.649171,0.611467,0.566193,2.22592,0.140614,0.258567,0.897307,2.11488,0.473814,1.94717,0.537061,0.444537,1.56883,0.105113,0.783772,1.03626,1.24058,3.29763,2.4218,0.783778,1.11394,2.72653,1.00722,0.37853,0.740751,1.81591,0.307023,0.367395,0.145808,1.95293,0.190986,1.45091,0.179289,0.713039,1.67629,1.57388,1.44427,0.870204,0.532855,1.04925,1.52724,0.499229,0.479891,0.880158,0.791472,0.425281,0.994491,0.162591,0.309997,0.825569,2.25594,0.18398,0.515261,0.133159,0.27628,1.31477,0.194417,0.0278703,1.73567,0.562954,0.216054,0.510268,1.47087,0.653052,0.613799,0.623299,0.819979,0.024766,1.39556,0.160735,2.61573,1.51015,0.170571,1.38109,3.6805,0.382292,0.604086,0.739188,0.287079,0.27397,0.810558,0.344971,0.167624,0.0373849,1.30328,0.418353,0.0674971,1.17292,0.857616,0.0982808,1.71621,1.21448,0.749496,0.121929,1.01083,0.245729,0.834824,1.29849,0.0492257,0.75208,0.34239,2.12863,2.58775,2.25748,0.0317529,0.0825275,0.247879,0.0134584,0.820777,0.0453445,1.59907,1.46506,0.270818,0.0760998,0.242754,1.06182,0.868363,0.40242,0.120416,0.407241,0.656178,0.443147,1.20216,0.110116,0.357369,0.0687829,1.05362,0.411846,1.32579,0.823696,1.90247,0.892415,1.84757,0.0296426,0.210809,2.40811,0.809822,0.453503,1.22101,1.77168,0.556121,0.0977491,1.15516,1.58073,0.383055,1.03502,0.127386,0.838574,0.66973,0.217411,1.94686,0.266481,1.59526,1.01305,0.215361,0.187974,1.28324,0.335158,0.636901,0.306215,0.133098,0.268592,0.689766,0.387153,0.606191,0.690225,0.091799,0.899269,0.745231,1.89048,0.246609,2.58383,0.261479,0.776427,0.00512486,0.23561,1.63414,0.366546,0.192451,0.151175,0.0426479,1.32941,0.723835,0.498912,0.323321,0.556228,1.46115,0.969095,3.66788,0.308317,0.794908,0.905912,0.286682,0.669652,1.04508,1.8696,1.3736,1.05376,0.847423,0.274971,1.11256,2.49221,0.671256,0.731219,0.319916,1.68509,0.21964,0.495128,0.746164,1.25457,0.458483,2.73741,1.26917,0.646272,0.65921,0.942151,0.467502,0.229201,0.0114309,1.27705,0.527199,1.26306,0.299446,0.0219359,1.4106,0.877121,0.403156,2.60809,0.601319,0.578527,1.25572,1.49349,1.59783,1.37146,1.04611,0.673249,0.140695,1.17908,1.76871,0.244371,3.02498,0.122711,0.149559,0.0758265,0.0463579,0.925134,0.266781,0.140827,1.79617,0.0886382,2.15329,1.04479,0.159281,1.1288,1.52293,0.866729,0.433865,1.29038,0.74996,0.668445,0.446206,0.566455,0.979349,0.479158,0.066128,0.667548,0.517418,0.190924,0.56987,0.0736371,0.827963,0.196416,0.468804,0.871807,0.128778,2.57429,2.73748,3.70283,1.83108,0.138392,0.0587022,0.229434,0.400609,1.78546,0.522858,0.504636,1.11887,0.594464,0.0417023,0.6349,0.0780418,0.277884,2.0684,0.472028,0.325742,0.842508,0.0962628,0.0187009,0.252675,0.150822,0.43083,0.755631,1.13433,1.4073,0.0629793,0.784941,0.00644825,0.230955,0.378979,0.967067,1.29205,1.60102,0.917167,0.656668,0.0885673,0.914107,0.830434,0.190659,1.29964,0.19567,0.264509,0.22976,0.0244281,0.0855638,0.0108959,0.172362,2.10845,0.784411,1.24162,0.512188,1.18778,0.184574,0.222183,0.874689,0.262649,0.106727,0.330393,0.959542,0.0438401,0.108401,0.0958529,0.205367,0.133923,0.459252,0.848164,0.158712,0.00729428,0.880764,1.42706,0.345552,0.746642,0.042059,0.832172,0.201148,0.304325,0.666799,0.0662312,0.865148,1.9358,0.192081,0.622705,0.229736,0.899572,0.717732,1.2129,0.345267,1.44619,0.036694,0.385315,0.146253,1.10518,2.10287,0.189421,0.385978,1.27834,0.549191,0.213703,0.888811,1.32657,0.807835,0.0416783,0.712648,0.565473,0.588879,0.0583466,0.0308367,1.21301,0.464518,0.254177,1.12054,0.733896,1.06142,0.155518,2.48765,0.409297,0.776945,2.05526,0.16428,0.983521,2.21157,0.0854419,0.539484,0.194747,0.214215,0.0192873,0.1334,0.0869295,0.196304,2.45319,1.27523,0.895708,0.367386,2.87895,0.729604,0.978182,0.88392,0.237714,0.0762611,1.35432,0.171324,1.51191,1.26666,0.622516,1.82752,1.00142,1.0995,2.43994,0.109965,1.14348,1.5819,1.29013,0.051686,0.678712,0.0135829,0.155929,0.995161,0.28546,0.213998,0.21709,0.155059,0.439952,0.104861,0.358793,0.0399819,0.342811,0.700592,0.599015,2.18796,0.720128,0.407781,1.09239,0.563137,0.110661,0.320154,1.67893,0.0607498,1.28968,0.238161,0.366602,0.258496,0.127926,0.486779,0.201895,0.44116,0.717312,0.639525,1.45786,0.630878,0.078747,0.640864,1.03206,0.037686,1.11812,0.272002,2.80378,1.19546,0.926321,1.38081,1.35871,0.336731,0.462276,0.570535,0.947301,1.48613,2.95504,0.285587,1.63603,1.64917,0.103334,0.176806,0.513094,1.18675,0.601199,0.473269,1.28147,1.80306,0.817278,0.0430946,0.246673,1.7295,0.0696174,0.457874,0.17837,0.82379,0.299968,0.180325,0.485632,0.219805,1.54209,0.367733,0.0522899,0.713579,0.0409187,0.193327,0.71605,4.48981,2.17507,0.0125559,0.0850404,0.0503694,2.04887,0.681541,0.113299,0.086582,0.521407,2.57615,0.507263,0.494984,0.0806577,0.521123,0.352786,0.0748565,1.35816,0.820069,0.874237,1.96834,0.260852,0.153325,0.195822,0.299331,1.45779,0.414791,0.0890623,0.785074,0.208014,0.0475688,1.72154,0.116913,0.179783,0.693933,0.473509,0.648314,0.0833332,0.131442,0.591937,1.41207,0.023914,0.44017,0.340317,0.573757,0.209066,0.232876,0.254629,0.553577,0.00470843,0.240266,0.825119,0.114282,2.0359,0.377528,0.636602,0.716958,1.58289,1.6118,1.92063,0.606357,0.869631,2.09116,3.12472,1.12115,0.704576,0.394734,0.574848,0.152451,0.794375,0.204249,0.45199,0.258789,1.86101,0.17661,0.976527,1.89663,0.21694,2.04705,0.257305,0.246174,0.289153,0.715625,0.721938,0.590405,0.148622,1.86512,0.373897,1.79869,1.02186,2.54118,0.601342,0.310816,1.11243,3.70142,0.241624,0.427111,0.281322,0.434892,0.362625,0.0684321,0.0333999,0.821682,0.0236348,0.82896,0.938701,0.202502,2.75986,0.290332,0.178305,0.78292,0.475657,0.0686092,0.150267,0.930775,2.85933,0.382082,0.229679,0.0758503,1.48894,0.120034,1.03441,0.90664,0.561995,1.34516,1.72693,0.278837,0.214149,0.19759,0.166188,0.565725,0.252239,1.37733,0.203706,0.0601884,0.915453,1.63183,0.332227,0.095387,0.00964801,0.508236,1.34726,0.527272,0.452474,0.339339,0.731699,0.547044,1.52693,0.492447,1.12002,1.57675,0.113916,0.0520181,0.163884,0.786027,0.705996,0.194387,1.24729,0.680313,0.164685,1.38118,0.866099,1.14924,0.025882,0.564191,0.716684,0.385396,0.0108947,0.234202,