{
    "s:bins": [0,0,0.3277,0.6554,0.9831001,1.3108,1.6385,1.9662,2.2939,2.6216,2.9493,3.277,3.6047,3.9324,4.2601,4.5878,4.9155,5.2432,5.5709,5.8986,6.2263,6.554,6.8817,7.2094,7.5371,7.8648,8.192501,8.520201,8.847901,9.175601,9.503301,9.831001,10.1587,10.4864,10.8141,11.1418,11.4695,11.7972,12.1249,12.4526,12.7803,13.108,13.4357,13.7634,14.0911,14.4188,14.7465,15.0742,15.4019,15.7296,16.0573,16.385,16.7127,17.0404],
    "s:counts": [0,0,0.006103143,0.01525786,0.02746414,0.05492828,0.07018614,0.1007019,0.106805,0.1861459,0.1556301,0.1861459,0.2044553,0.1617333,0.1739396,0.1983521,0.1586817,0.1617333,0.170888,0.1342691,0.1373207,0.09459871,0.07018614,0.06103143,0.064083,0.07018614,0.04577357,0.03967043,0.03967043,0.02746414,0.03661886,0.02441257,0.01830943,0.003051571,0.006103143,0.01525786,0.003051571,0,0,0.006103143,0.006103143,0,0,0.003051571,0,0,0,0,0.003051571,0,0,0,0.003051571,0],
    "s:data": [3.40962,5.39626,6.42296,7.5864,6.91194,3.23663,6.17887,12.4738,1.58277,4.56082,7.47796,6.0992,5.51276,5.06637,6.33885,3.39583,2.75762,1.45664,5.05856,9.5283,11.5384,2.00568,4.74374,7.41837,3.38504,4.80469,3.32727,6.78917,6.59632,2.82656,5.14344,3.62194,3.69055,5.81535,2.47786,5.31773,6.3486,8.10393,4.12996,3.69029,2.05735,7.5597,5.00037,2.44161,3.44156,1.72116,8.54756,2.00877,5.7658,2.7936,1.89757,6.69604,5.14994,5.70109,5.89032,2.62874,2.96025,4.05878,6.31591,7.40456,2.33038,6.90795,3.16873,3.74106,2.8912,9.00472,1.90783,5.75241,8.49748,5.52808,8.4333,1.89122,4.34039,3.6704,8.816,3.62497,7.77022,9.63125,4.32552,4.12725,5.11012,3.02252,4.65311,4.31311,4.77262,5.56164,4.69371,3.51857,4.79431,3.20785,5.89269,2.78365,2.38479,2.30901,9.06226,7.92658,7.61798,5.55118,3.44817,6.06869,5.30246,5.20336,5.8444,6.41433,6.57239,4.59137,5.23817,1.19646,1.90718,3.79604,2.1388,3.75553,3.5071,4.68352,1.50492,4.65233,1.32149,1.06362,4.56034,3.02242,3.19575,4.38384,7.24293,4.71262,5.19949,2.74267,4.76869,10.842,5.62909,5.61724,4.84775,3.36756,3.62859,2.08182,3.77189,5.25262,4.93915,4.38343,9.51778,3.32219,3.62949,6.77525,5.15661,2.47862,4.73631,4.01326,1.46724,4.08171,5.39964,4.63468,4.21052,6.009,3.70476,7.0055,4.90502,4.60465,8.25547,5.22538,3.96151,2.84291,2.51634,6.49497,5.21267,5.86141,7.62126,3.84281,6.64055,3.39708,5.78278,1.54046,7.58458,5.94215,5.16074,3.41416,3.15165,4.19697,3.08825,5.24367,5.70876,3.68536,9.81401,7.58548,7.72513,10.3737,5.37671,5.9854,5.26415,4.60552,1.33019,2.80219,3.584,2.52151,4.20003,3.11465,9.75197,5.90367,4.4955,6.54154,5.6247,1.67837,2.49012,2.40224,3.37059,2.9974,3.43272,2.81149,3.12271,8.0663,4.02547,2.02494,6.82258,4.19559,7.39382,6.43723,3.84872,4.90158,6.80883,8.66361,3.88526,1.95323,2.4037,4.40406,4.90424,6.16528,6.29723,3.51621,3.45312,5.24417,6.98262,7.04076,2.543,0.677987,6.90136,3.99404,3.23593,3.82595,3.68639,4.4647,3.69,6.38261,4.12182,1.39046,5.81607,1.9386,7.76628,8.28783,4.50194,5.4051,7.88805,8.00053,3.81576,2.26388,4.54759,4.00905,6.80406,9.07283,4.33716,9.43069,3.55447,2.89402,4.0329,10.7857,6.08311,1.06213,10.3088,3.79239,3.00806,11.1836,5.5829,6.32095,6.37198,4.7975,3.90634,3.39194,5.79013,7.09287,5.32662,4.39611,6.17759,7.56492,7.3517,8.11917,4.8892,3.33161,4.45441,5.731,3.26874,7.96132,3.56332,5.76847,5.95764,7.54758,6.20107,3.73122,1.50482,2.87883,8.44262,6.18733,7.08644,3.35151,11.2691,6.2796,2.14203,2.87312,13.8547,2.23198,1.65692,3.46074,3.83237,2.58746,6.23031,9.59279,5.06109,3.87458,3.7942,2.08685,6.35837,2.19335,5.27133,5.41685,5.21248,3.64634,6.56782,9.71869,7.83285,3.99256,4.65515,9.50447,4.44257,1.69457,5.8152,5.58876,3.1767,6.2386,4.86271,5.2766,4.07589,3.05577,3.37409,3.66523,8.94049,6.80624,3.53881,5.33776,6.61117,2.60977,5.95658,9.20065,8.00532,4.72388,2.60109,4.46478,6.37233,11.0486,10.3443,2.7582,6.70423,8.27211,10.3528,3.54528,4.25629,6.0403,1.87715,5.17308,6.48878,6.19785,2.6059,2.08956,3.65606,1.93925,4.912,4.67401,2.26736,2.71266,3.26874,3.69409,5.89429,5.57807,4.42969,5.70717,5.86761,3.08262,3.08583,8.83003,3.8768,3.21802,6.22508,6.15952,2.81581,8.41208,1.2837,4.75744,5.96965,4.35958,5.79222,5.2927,3.27799,5.31108,3.50784,4.7411,5.18105,7.34314,3.4553,4.69482,5.19043,4.94366,3.50628,4.49153,0.748838,2.28083,5.88213,13.0867,2.5757,4.75621,5.86449,3.9013,5.97972,6.70542,4.80274,5.4162,3.61545,3.90919,7.25853,5.91533,3.93696,5.64646,2.54108,5.52879,4.46739,8.36146,3.68669,5.40692,6.08767,4.75606,6.66977,4.34465,1.99794,2.50235,7.83935,4.34104,5.02261,2.64878,12.664,5.29635,2.94904,4.35367,2.52391,9.63339,4.37653,4.45141,6.54193,6.37762,5.00909,2.78381,8.1007,5.6033,2.12082,3.27621,2.93828,3.33987,3.6159,3.37423,4.98467,6.26349,5.91879,6.66064,8.85874,6.02042,1.98762,1.29522,2.88677,2.97585,3.22119,6.0904,2.98006,1.96038,3.99174,7.53717,2.84411,8.83291,3.87906,10.3531,7.87122,1.55383,4.3476,4.9897,3.98801,6.89843,2.4942,5.72328,6.85807,4.14745,4.71001,7.70094,5.5467,5.03425,3.83434,8.05915,5.00031,3.85056,3.40325,1.08297,2.97404,4.12787,1.27922,5.88999,8.96514,2.829,8.93149,3.96254,9.27668,4.89269,4.47452,4.61657,5.42727,3.96106,2.6562,2.1715,3.81943,8.67976,4.70813,2.79575,7.26684,2.53778,2.38683,3.93118,4.68877,5.42437,4.43282,10.0521,1.38991,2.01646,2.55641,9.92746,3.98311,6.83774,8.02594,6.58962,5.74917,4.53451,5.63278,6.23095,5.72826,3.30275,6.16624,8.58409,3.34513,1.9681,7.12602,7.11903,4.72066,5.72498,4.46252,3.69327,4.1186,2.25951,7.06209,4.58582,5.62318,5.19545,4.39134,1.67199,6.97749,2.30966,4.62472,9.60376,10.0125,5.85732,2.27569,5.33639,4.72224,6.25406,2.47885,1.8421,5.06067,2.47112,4.31464,6.27725,4.77069,2.91067,2.66536,5.37361,3.42533,3.62687,4.68954,3.51621,2.66954,0.835589,5.38706,6.29409,7.59661,7.0833,0.810718,2.75297,5.42718,3.55278,7.01963,2.4291,3.95212,4.37215,6.56804,3.6947,2.82568,4.67381,6.88555,7.48819,3.96053,5.22131,5.38463,2.86568,4.37292,3.27503,7.50461,5.69447,11.3557,9.32821,6.59637,7.43907,5.77474,7.95408,4.81506,4.20495,2.70052,8.75012,5.05102,5.9773,2.99284,6.81789,5.37717,3.02668,7.33549,8.16328,0.492499,3.81516,2.6514,8.07817,5.58508,1.27577,4.03825,10.1032,3.2823,6.60325,5.47598,1.45682,7.37205,5.22563,1.56508,7.0696,6.35318,16.8775,8.60922,5.54608,8.20263,2.6787,4.1666,8.61837,8.9109,3.45007,6.05279,2.66888,2.55752,6.08769,5.99442,2.92092,7.74783,6.32301,9.77968,2.15887,3.79031,5.19156,2.91266,5.39169,3.38971,5.6783,6.21027,4.85017,7.94657,5.55503,3.74567,5.73137,3.28139,6.0789,6.7248,3.79885,1.64312,10.4603,5.4656,7.26489,5.7695,3.15379,2.10861,2.87286,5.19304,2.2797,9.63149,1.74585,4.18397,7.30594,1.99942,3.82254,2.8907,1.89237,9.24656,6.78845,5.60069,3.05419,4.8881,6.22631,3.34004,4.57324,4.28141,5.23974,8.90683,6.41145,15.411,3.25969,2.89901,4.00135,5.26164,4.56619,5.52462,4.96525,3.30997,3.87895,4.32885,1.9329,1.94453,5.59864,5.32231,3.67354,3.27259,5.10175,3.96852,6.07532,4.75756,2.35527,5.03303,4.80039,3.67906,5.25372,7.91747,5.04568,5.48169,3.85365,3.77482,4.44148,2.90214,3.13054,6.88258,4.96804,6.66945,2.9082,2.94548,4.43937,6.86776,3.80715,4.66552,5.05485,2.89259,4.76164,7.78092,3.67346,7.34454,2.73121,4.74839,6.21592,8.11251,5.36013,4.02265,1.05587,4.56846,2.94112,3.91192,4.645,4.4436,3.09568,5.56353,5.8827,5.64476,6.43927,4.45628,3.63242,3.08897,1.95314,9.18633,3.75306,2.10576,3.84654,8.15518,2.81665,5.57148,2.97806,6.95402,2.92869,5.08473,8.32421,8.89388,3.34348,6.44424,5.13979,3.33301,2.15944,4.08425,9.97956,7.55259,1.34479,3.92576,4.62827,6.01203,4.87797,1.38829,6.15686,3.16369,8.79365,3.07341,3.25907,4.42866,4.40422,3.89511,4.83579,6.66613,1.66295,2.07206,8.14013,4.96336,7.22117,4.97136,6.38141,4.82161,7.49774,2.60504,7.78602,4.0281,4.90842,3.27042,6.75838,8.27908,4.8557,4.57399,8.90191,5.8188,4.55623,2.70542,9.85387,2.61093,4.16864,1.61952,8.39357,10.0248,11.4018,3.18159,9.88374,6.45019,9.36112,9.36893,2.04867,7.35288,3.30723,4.4534,2.66547,5.34049,8.30201,3.59878,4.21264,6.63165,3.539,3.23239,3.1209,9.18873,2.94732,3.24997,3.10435,5.25931,4.56778,7.03022,4.27553,0.622487,7.10445,3.39456,3.07151,5.25046,3.8131,4.23257,3.46453,4.86054,2.69103,5.74622,5.13369,4.20461,6.15667,5.53461,6.48562,3.30868,6.41089,8.95174,4.51411,4.14389,4.49737,