{
    "s:bins": [0,0,57443.98,114888,172332,229775.9,287219.9,344663.9,402107.9,459551.9,516995.9,574439.8,631883.8,689327.8,746771.8,804215.8,861659.8,919103.8,976547.7,1033992,1091436,1148880,1206324,1263768,1321212,1378656,1436100,1493544,1550988,1608432,1665876,1723320,1780764,1838208,1895651,1953095,2010539,2067983,2125427,2182871,2240315,2297759,2355203,2412647,2470091,2527535,2584979,2642423,2699867,2757311,2814755,2872199,2929643],
    "s:counts": [0,1.599819e-05,3.481653e-08,1.740826e-08,3.481653e-08,1.740826e-08,1.740826e-08,3.481653e-08,1.740826e-08,3.481653e-08,1.740826e-08,1.740826e-08,5.222479e-08,1.740826e-08,3.481653e-08,3.481653e-08,3.481653e-08,1.740826e-08,3.481653e-08,1.740826e-08,3.481653e-08,1.740826e-08,3.481653e-08,3.481653e-08,1.740826e-08,3.481653e-08,1.740826e-08,3.481653e-08,1.740826e-08,3.481653e-08,3.481653e-08,3.481653e-08,3.481653e-08,1.740826e-08,3.481653e-08,3.481653e-08,1.740826e-08,3.481653e-08,3.481653e-08,1.740826e-08,3.481653e-08,1.740826e-08,3.481653e-08,5.222479e-08,1.740826e-08,3.481653e-08,3.481653e-08,3.481653e-08,3.481653e-08,1.740826e-08,1.740826e-08,1.740826e-08,0],
    "s:data": [2872200,2824570,2787510,2741410,2717210,2688150,2665220,2634620,2599740,2566230,2541290,2497190,2455070,2443970,2427020,2392790,2370780,2331190,2290420,2245300,2208260,2169380,2140030,2114090,2079550,2037820,2007310,1974250,1946860,1906340,1861720,1824330,1794920,1769990,1735350,1722800,1682650,1653670,1611340,1571460,1547780,1507820,1475530,1429430,1388850,1333860,1310620,1267390,1252360,1226820,1187320,1141770,1094490,1056530,1027680,989702,961616,914826,878396,839944,812962,794112,762587,727223,688798,655767,636372,593411,552769,506610,472237,439504,399247,359341,312404,273461,229202,194150,144752,95111.5,60029.6,43138.1,7450.86,47.6016,2.80997,2.60798,8.16902,4.28114,4.75624,3.05597,5.79775,4.72461,8.04434,7.51084,8.09603,8.43325,4.89668,7.25248,9.68788,5.3791,5.79079,3.76007,3.05266,5.13904,4.70364,7.69301,4.70834,2.31525,8.13667,5.87051,5.38455,5.02395,4.26809,2.88999,9.20179,6.22175,1.19401,4.70916,4.32575,4.772,4.6138,5.2331,6.38564,4.73027,2.66615,4.55436,4.8335,7.38227,3.32698,9.04052,5.99566,6.07376,5.49297,7.06148,5.55635,7.0238,3.55309,3.54369,3.17026,7.13549,1.72551,3.01265,6.72376,3.6231,7.55557,8.60872,3.61334,5.00523,3.03483,3.98987,3.2038,4.35026,2.598,5.74105,5.79086,9.08187,9.2909,6.03768,7.4123,3.56147,1.80156,7.74369,3.67136,2.29536,5.24091,4.46806,4.00834,3.05747,2.64886,3.10068,2.24726,3.30962,8.23166,5.07123,6.14439,6.67784,2.68208,6.24741,0.914555,7.51414,2.84551,3.92995,3.20947,2.73302,3.36972,4.66593,3.92023,6.97498,4.37439,3.78809,4.70802,5.09484,2.36008,5.83672,8.02466,3.72718,5.09467,7.6913,3.88215,5.64098,6.2708,3.47674,6.91296,2.90742,3.95309,3.43856,3.47926,6.57313,4.81649,5.27944,6.1562,3.31201,4.56942,3.83712,5.28075,4.16162,4.68771,7.9021,2.32853,6.10164,2.25232,3.46826,3.30532,9.00748,8.50068,6.4304,2.41365,8.0211,4.53041,10.4162,6.70749,2.73966,7.34776,2.00224,2.78465,5.91181,7.64418,3.01552,3.40977,4.14035,4.02357,4.9367,3.22653,5.41806,3.6159,2.81366,3.63732,7.26708,14.8269,7.25979,4.29774,3.13996,1.80267,4.53754,3.62283,2.54468,7.98242,8.31216,6.56313,9.91343,3.59528,2.79613,4.97553,8.47347,4.47043,6.22375,6.11411,3.28331,6.81127,5.98606,3.55277,3.5297,8.28694,2.38795,5.4882,8.94975,8.96589,1.45661,3.73779,7.14885,3.43889,2.50171,4.71623,2.98293,4.24575,3.97571,5.49379,1.68741,5.49635,5.26704,1.58512,11.6176,6.64508,0.795197,5.26618,8.47783,7.57327,3.05057,3.1456,4.51881,4.69587,7.00158,3.46703,5.20701,4.31275,3.21457,1.89756,6.20231,7.25992,7.04202,12.4657,5.56653,7.05191,4.59209,6.59107,3.54438,5.44163,3.68333,2.10991,4.41334,6.14508,4.08873,5.06703,6.78072,4.24138,3.65007,3.37476,3.67275,2.86732,1.87688,6.03377,5.0285,4.53965,2.59013,3.84673,5.58699,3.54998,2.2808,2.18876,7.28037,6.2456,5.57786,1.98225,2.02812,6.57228,5.51207,1.20541,6.16469,3.46737,1.87991,3.46122,2.32944,6.14516,3.79244,5.88213,10.2034,3.09526,8.41756,4.96228,1.10155,2.41382,6.54256,5.70864,6.13833,4.38214,4.74398,4.57782,5.72105,2.90245,4.04349,4.61662,6.9433,5.56612,3.66231,0.788825,5.7976,3.64984,3.44812,5.73271,2.8897,4.98846,7.75104,4.26663,10.8751,6.21272,5.95824,6.17404,3.52585,2.90909,5.44292,6.39464,5.52023,9.79572,2.10674,2.93847,3.97491,11.7153,5.92641,3.93255,9.70182,9.86432,10.608,6.7685,6.00161,5.64627,3.04289,3.18613,8.52421,8.60092,2.99224,5.2748,6.62273,9.57544,8.27007,10.1379,9.0301,3.06491,4.05517,5.25358,3.67558,3.09537,4.86704,2.45929,7.30134,2.18207,3.40808,4.24143,6.96309,4.47797,5.61343,3.17725,4.17895,7.3854,5.09548,3.20346,4.3618,5.7105,10.0796,2.77951,3.29807,2.60894,4.61336,3.03804,5.78311,4.97485,4.50602,4.51738,2.83997,4.17172,4.14487,1.68,5.45791,5.04404,5.07672,6.3823,4.37358,5.47884,4.48067,1.91991,4.31909,2.90873,9.07196,7.77603,3.59485,4.33958,6.04328,1.96373,3.0534,6.23585,1.98592,5.91297,7.06726,4.17978,2.31443,6.3673,12.7016,3.41334,7.71542,4.569,3.19424,7.31668,3.06206,7.36451,8.98449,7.99079,4.79678,3.05169,8.01805,5.53668,3.52708,4.0995,3.42574,5.51889,2.55114,11.0641,3.39475,3.87084,6.37732,1.9152,3.08923,2.22009,3.40563,9.83699,8.36072,4.49761,2.57717,3.50918,2.33228,9.35119,2.55091,4.69932,4.02976,3.1191,2.17287,8.45568,2.15557,3.42086,4.42009,5.81325,5.36095,2.49487,3.93249,3.84524,2.43328,3.90931,4.40377,3.13922,3.90019,4.72143,3.14908,4.48002,4.36323,3.3827,5.22304,7.42334,7.23076,3.23964,5.23277,4.68504,3.71938,5.85247,8.5112,9.48646,2.97621,4.68594,5.7114,4.46064,5.87293,6.06921,5.57479,5.01944,2.31486,8.33194,5.51755,3.20225,9.4215,4.05452,7.36571,8.00884,5.43027,4.42357,2.58957,5.98802,7.80553,9.33418,8.02597,6.23018,1.98932,6.32315,2.2213,5.48522,9.01752,4.16737,9.67415,4.5746,4.87786,4.74432,3.48966,8.25315,5.39978,3.34438,5.0671,4.50865,3.25022,3.47326,6.97182,5.52369,9.20031,4.07164,4.03381,3.51172,6.40179,3.81464,7.37189,8.95674,6.86675,3.04988,6.94126,6.26592,7.03675,4.45136,8.66373,5.17736,2.87624,3.63614,5.9994,2.40334,3.10406,6.6468,6.79059,4.84738,4.10815,6.56171,6.83704,4.5087,9.5969,5.70583,4.20106,3.42086,7.75007,3.23905,7.19521,4.31544,2.76637,4.6686,4.67391,9.86361,3.80641,3.88685,4.53934,6.36457,11.3855,2.85133,4.44705,3.33643,4.91047,7.28095,2.16065,3.50935,5.83993,2.51148,5.79358,3.51296,3.90617,7.74369,0.767676,4.0873,4.42721,3.52203,3.06229,8.52983,5.77642,9.10305,3.50536,5.79784,4.21846,5.98386,2.96841,5.53133,1.44131,4.30894,4.00767,2.53234,5.58729,6.62987,7.54143,4.555,7.9886,2.44082,1.8441,9.62593,4.23713,5.11698,5.89582,5.29617,5.36673,3.54589,9.39198,2.9093,1.54924,2.20393,7.00595,5.82477,6.86237,5.15821,5.12471,3.52377,5.66577,3.43096,5.76454,2.34936,4.03456,4.89744,3.92259,12.2561,6.35829,3.54413,6.878,4.19307,6.49437,5.65246,2.12719,2.61719,2.6869,8.89673,4.33654,3.96724,5.56135,4.67275,3.20567,4.20174,4.83609,4.42411,2.54658,3.80834,3.53111,3.46466,7.00754,5.56646,6.20813,5.09595,5.69372,6.47529,3.93404,3.39665,4.15528,8.02781,3.26757,5.93177,4.34104,6.09936,4.23432,2.65559,7.96904,5.21452,4.05312,3.89029,3.50152,2.40712,8.13578,5.50808,7.25547,6.43019,4.55081,6.35691,4.04837,8.56887,5.69159,7.26126,3.291,3.96323,3.79502,2.68697,6.21588,2.65426,3.75854,2.37743,7.24374,6.58157,3.14458,6.94885,4.07284,5.29839,3.35932,3.354,4.3995,2.73506,4.58168,3.14389,5.56681,3.11772,5.53328,6.77192,3.92029,3.21791,4.81395,5.33484,6.9195,5.18078,5.69201,5.04101,4.69953,4.53681,7.35586,4.57142,6.35035,5.18581,1.52832,3.6891,7.7288,8.7977,6.00862,3.35383,4.74532,4.0535,11.2865,1.77595,8.29293,6.49143,8.05813,4.23287,2.53225,3.71843,5.06966,3.45876,3.0228,2.82636,7.22724,6.27389,6.92171,2.73323,4.09157,12.2329,2.4098,9.06311,3.50227,9.8674,2.46414,9.65548,4.36698,1.77891,3.29964,4.27488,3.02217,9.39776,4.74993,2.39514,3.01584,2.49887,4.65926,3.58596,3.21124,5.35806,3.37559,4.64075,8.28536,4.02175,2.28836,4.43426,1.8152,5.99961,11.334,6.94475,4.29132,5.74741,4.8829,11.8405,6.24011,3.33469,4.06606,2.66802,7.82373,4.90836,7.53023,7.38747,5.02605,1.2542,3.64474,7.23785,2.23302,6.40377,2.40148,4.28409,3.38406,5.33266,3.60951,5.77988,3.5895,3.34158,2.58599,